user_id,date_id,login_time,channel,province_id,version_code,mid_id,brand,model,operate_system,dt
38,2020-06-14,2020-06-14 10:58:04,huawei,15,v2.1.134,mid_10511,Xiaomi,Xiaomi 10 Pro ,Android 11.0,2020-06-14
674,2020-06-14,2020-06-14 10:58:20,360,6,v2.1.134,mid_107961,Xiaomi,Xiaomi Mix2 ,Android 10.0,2020-06-14
839,2020-06-14,2020-06-14 10:57:53,Appstore,15,v2.1.132,mid_119039,iPhone,iPhone Xs,iOS 13.2.9,2020-06-14
923,2020-06-14,2020-06-14 10:57:59,Appstore,26,v2.1.134,mid_120670,iPhone,iPhone X,iOS 13.2.9,2020-06-14
769,2020-06-14,2020-06-14 10:58:19,web,26,v2.1.134,mid_122092,Xiaomi,Xiaomi 9,Android 11.0,2020-06-14
270,2020-06-14,2020-06-14 10:58:10,oppo,15,v2.1.134,mid_123682,Xiaomi,Xiaomi Mix2 ,Android 11.0,2020-06-14
577,2020-06-14,2020-06-14 10:58:08,oppo,26,v2.1.134,mid_128199,Honor,Honor 20s,Android 11.0,2020-06-14
993,2020-06-14,2020-06-14 10:58:14,Appstore,24,v2.1.132,mid_129051,iPhone,iPhone X,iOS 13.2.3,2020-06-14
152,2020-06-14,2020-06-14 10:58:14,Appstore,26,v2.1.134,mid_15202,iPhone,iPhone 8,iOS 13.2.3,2020-06-14
484,2020-06-14,2020-06-14 10:58:23,xiaomi,1,v2.1.134,mid_154866,Redmi,Redmi k30,Android 11.0,2020-06-14
241,2020-06-14,2020-06-14 10:58:02,Appstore,6,v2.1.134,mid_161048,iPhone,iPhone X,iOS 13.3.1,2020-06-14
816,2020-06-14,2020-06-14 10:58:20,huawei,6,v2.1.134,mid_174101,Oneplus,Oneplus 7,Android 11.0,2020-06-14
443,2020-06-14,2020-06-14 10:58:00,xiaomi,26,v2.1.134,mid_174122,vivo,vivo iqoo3,Android 11.0,2020-06-14
27,2020-06-14,2020-06-14 10:58:01,xiaomi,24,v2.1.132,mid_179065,Xiaomi,Xiaomi Mix2 ,Android 11.0,2020-06-14
174,2020-06-14,2020-06-14 10:58:13,Appstore,15,v2.1.134,mid_191990,iPhone,iPhone Xs,iOS 13.3.1,2020-06-14
839,2020-06-14,2020-06-14 10:57:57,huawei,6,v2.1.134,mid_203904,Xiaomi,Xiaomi Mix2 ,Android 11.0,2020-06-14
666,2020-06-14,2020-06-14 10:57:58,Appstore,26,v2.0.1,mid_21411,iPhone,iPhone Xs,iOS 13.2.3,2020-06-14
438,2020-06-14,2020-06-14 10:58:26,Appstore,33,v2.1.134,mid_216886,iPhone,iPhone Xs Max,iOS 13.2.9,2020-06-14
782,2020-06-14,2020-06-14 10:58:05,web,6,v2.1.134,mid_222445,Huawei,Huawei P30,Android 11.0,2020-06-14
128,2020-06-14,2020-06-14 10:58:03,oppo,26,v2.1.132,mid_222870,Xiaomi,Xiaomi Mix2 ,Android 11.0,2020-06-14
685,2020-06-14,2020-06-14 10:58:21,wandoujia,13,v2.1.134,mid_223928,Xiaomi,Xiaomi 9,Android 11.0,2020-06-14
595,2020-06-14,2020-06-14 10:58:14,xiaomi,6,v2.1.134,mid_227439,Honor,Honor 20s,Android 11.0,2020-06-14
352,2020-06-14,2020-06-14 10:58:18,Appstore,13,v2.1.134,mid_23052,iPhone,iPhone X,iOS 13.2.9,2020-06-14
929,2020-06-14,2020-06-14 10:57:58,Appstore,6,v2.1.134,mid_236937,iPhone,iPhone X,iOS 13.3.1,2020-06-14
10,2020-06-14,2020-06-14 10:58:07,vivo,1,v2.1.134,mid_237135,vivo,vivo iqoo3,Android 11.0,2020-06-14
802,2020-06-14,2020-06-14 10:58:01,oppo,1,v2.1.132,mid_242141,Xiaomi,Xiaomi Mix2 ,Android 11.0,2020-06-14
702,2020-06-14,2020-06-14 10:58:22,xiaomi,12,v2.1.132,mid_248267,Huawei,Huawei Mate 30,Android 11.0,2020-06-14
529,2020-06-14,2020-06-14 10:58:00,oppo,1,v2.0.1,mid_256146,Xiaomi,Xiaomi 9,Android 11.0,2020-06-14
434,2020-06-14,2020-06-14 10:58:05,xiaomi,6,v2.1.134,mid_256454,Xiaomi,Xiaomi 9,Android 11.0,2020-06-14
208,2020-06-14,2020-06-14 10:57:59,Appstore,6,v2.1.134,mid_257542,iPhone,iPhone 8,iOS 13.3.1,2020-06-14
272,2020-06-14,2020-06-14 10:58:10,wandoujia,6,v2.1.134,mid_257925,Xiaomi,Xiaomi 10 Pro ,Android 11.0,2020-06-14
535,2020-06-14,2020-06-14 10:58:00,wandoujia,12,v2.1.132,mid_263345,Xiaomi,Xiaomi 10 Pro ,Android 11.0,2020-06-14
381,2020-06-14,2020-06-14 10:58:09,xiaomi,15,v2.1.132,mid_264820,Oneplus,Oneplus 7,Android 11.0,2020-06-14
935,2020-06-14,2020-06-14 10:58:00,vivo,26,v2.1.134,mid_266356,Xiaomi,Xiaomi 10 Pro ,Android 11.0,2020-06-14
682,2020-06-14,2020-06-14 10:58:12,xiaomi,26,v2.1.134,mid_266408,vivo,vivo iqoo3,Android 11.0,2020-06-14
790,2020-06-14,2020-06-14 10:58:26,xiaomi,26,v2.1.134,mid_269380,Xiaomi,Xiaomi 9,Android 11.0,2020-06-14
484,2020-06-14,2020-06-14 10:58:22,Appstore,33,v2.1.111,mid_269442,iPhone,iPhone X,iOS 13.3.1,2020-06-14
673,2020-06-14,2020-06-14 10:58:24,xiaomi,6,v2.1.132,mid_271244,Xiaomi,Xiaomi Mix2 ,Android 11.0,2020-06-14
626,2020-06-14,2020-06-14 10:58:05,Appstore,1,v2.1.111,mid_278655,iPhone,iPhone Xs Max,iOS 13.2.3,2020-06-14
801,2020-06-14,2020-06-14 10:58:14,Appstore,1,v2.1.134,mid_285818,iPhone,iPhone Xs,iOS 13.2.9,2020-06-14
449,2020-06-14,2020-06-14 10:57:58,huawei,24,v2.1.132,mid_286559,Sumsung,Sumsung Galaxy S20,Android 9.0,2020-06-14
100,2020-06-14,2020-06-14 10:58:21,xiaomi,6,v2.1.134,mid_295257,Xiaomi,Xiaomi 9,Android 10.0,2020-06-14
153,2020-06-14,2020-06-14 10:58:06,xiaomi,26,v2.1.134,mid_297147,Xiaomi,Xiaomi 10 Pro ,Android 11.0,2020-06-14
452,2020-06-14,2020-06-14 10:58:05,Appstore,15,v2.1.132,mid_2997,iPhone,iPhone X,iOS 13.2.9,2020-06-14
439,2020-06-14,2020-06-14 10:58:22,wandoujia,6,v2.1.134,mid_307396,Redmi,Redmi k30,Android 11.0,2020-06-14
132,2020-06-14,2020-06-14 10:58:18,wandoujia,1,v2.1.132,mid_31165,Xiaomi,Xiaomi Mix2 ,Android 11.0,2020-06-14
316,2020-06-14,2020-06-14 10:58:02,Appstore,12,v2.1.132,mid_313726,iPhone,iPhone Xs,iOS 13.3.1,2020-06-14
844,2020-06-14,2020-06-14 10:58:13,wandoujia,1,v2.1.134,mid_322915,Xiaomi,Xiaomi Mix2 ,Android 11.0,2020-06-14
83,2020-06-14,2020-06-14 10:57:55,Appstore,15,v2.1.134,mid_329671,iPhone,iPhone Xs Max,iOS 13.3.1,2020-06-14
775,2020-06-14,2020-06-14 10:58:06,Appstore,1,v2.1.134,mid_331388,iPhone,iPhone 8,iOS 12.4.1,2020-06-14
963,2020-06-14,2020-06-14 10:57:55,360,13,v2.1.134,mid_332519,vivo,vivo iqoo3,Android 11.0,2020-06-14
886,2020-06-14,2020-06-14 10:58:06,web,1,v2.1.134,mid_338858,Xiaomi,Xiaomi 9,Android 8.1,2020-06-14
837,2020-06-14,2020-06-14 10:58:01,Appstore,1,v2.1.134,mid_340499,iPhone,iPhone X,iOS 13.2.9,2020-06-14
838,2020-06-14,2020-06-14 10:57:58,xiaomi,24,v2.1.134,mid_347093,Xiaomi,Xiaomi 10 Pro ,Android 11.0,2020-06-14
377,2020-06-14,2020-06-14 10:58:22,oppo,1,v2.1.134,mid_356652,Honor,Honor 20s,Android 11.0,2020-06-14
912,2020-06-14,2020-06-14 10:58:06,xiaomi,1,v2.0.1,mid_358815,Redmi,Redmi k30,Android 11.0,2020-06-14
113,2020-06-14,2020-06-14 10:58:13,Appstore,26,v2.1.111,mid_363179,iPhone,iPhone Xs,iOS 13.2.9,2020-06-14
85,2020-06-14,2020-06-14 10:58:14,oppo,1,v2.1.134,mid_364886,Huawei,Huawei P30,Android 11.0,2020-06-14
337,2020-06-14,2020-06-14 10:58:14,web,15,v2.1.132,mid_368792,Xiaomi,Xiaomi Mix2 ,Android 11.0,2020-06-14
775,2020-06-14,2020-06-14 10:57:54,web,1,v2.1.134,mid_370573,Xiaomi,Xiaomi 9,Android 11.0,2020-06-14
948,2020-06-14,2020-06-14 10:58:14,xiaomi,6,v2.1.134,mid_37784,Xiaomi,Xiaomi Mix2 ,Android 11.0,2020-06-14
913,2020-06-14,2020-06-14 10:58:11,xiaomi,15,v2.0.1,mid_378576,Xiaomi,Xiaomi 10 Pro ,Android 10.0,2020-06-14
138,2020-06-14,2020-06-14 10:58:16,xiaomi,24,v2.1.134,mid_379510,Xiaomi,Xiaomi Mix2 ,Android 11.0,2020-06-14
881,2020-06-14,2020-06-14 10:58:12,xiaomi,6,v2.1.111,mid_38556,Xiaomi,Xiaomi 9,Android 10.0,2020-06-14
310,2020-06-14,2020-06-14 10:58:16,huawei,26,v2.1.134,mid_389448,Xiaomi,Xiaomi 9,Android 11.0,2020-06-14
882,2020-06-14,2020-06-14 10:58:06,oppo,1,v2.1.134,mid_396865,Huawei,Huawei Mate 30,Android 10.0,2020-06-14
26,2020-06-14,2020-06-14 10:58:04,xiaomi,1,v2.1.134,mid_404809,Oneplus,Oneplus 7,Android 11.0,2020-06-14
684,2020-06-14,2020-06-14 10:58:15,xiaomi,6,v2.1.134,mid_40794,vivo,vivo iqoo3,Android 11.0,2020-06-14
4,2020-06-14,2020-06-14 10:58:18,web,1,v2.1.134,mid_427167,Xiaomi,Xiaomi Mix2 ,Android 11.0,2020-06-14
578,2020-06-14,2020-06-14 10:58:05,xiaomi,6,v2.1.132,mid_429285,Huawei,Huawei P30,Android 10.0,2020-06-14
800,2020-06-14,2020-06-14 10:58:02,Appstore,24,v2.1.134,mid_434692,iPhone,iPhone Xs,iOS 13.2.3,2020-06-14
797,2020-06-14,2020-06-14 10:58:23,xiaomi,24,v2.1.132,mid_452562,Huawei,Huawei Mate 30,Android 11.0,2020-06-14
155,2020-06-14,2020-06-14 10:58:20,xiaomi,12,v2.1.134,mid_458694,Xiaomi,Xiaomi 9,Android 11.0,2020-06-14
303,2020-06-14,2020-06-14 10:58:05,Appstore,26,v2.1.134,mid_464646,iPhone,iPhone 8,iOS 13.3.1,2020-06-14
365,2020-06-14,2020-06-14 10:58:06,oppo,26,v2.0.1,mid_476136,vivo,vivo iqoo3,Android 11.0,2020-06-14
578,2020-06-14,2020-06-14 10:58:09,wandoujia,15,v2.1.132,mid_477957,Xiaomi,Xiaomi Mix2 ,Android 11.0,2020-06-14
982,2020-06-14,2020-06-14 10:57:58,xiaomi,26,v2.1.134,mid_480813,Xiaomi,Xiaomi 10 Pro ,Android 11.0,2020-06-14
687,2020-06-14,2020-06-14 10:58:10,oppo,1,v2.1.132,mid_484460,Huawei,Huawei P30,Android 11.0,2020-06-14
963,2020-06-14,2020-06-14 10:58:23,Appstore,1,v2.1.132,mid_488360,iPhone,iPhone Xs Max,iOS 13.3.1,2020-06-14
409,2020-06-14,2020-06-14 10:58:19,Appstore,1,v2.1.134,mid_495031,iPhone,iPhone Xs Max,iOS 13.2.3,2020-06-14
8,2020-06-14,2020-06-14 10:58:05,oppo,15,v2.1.134,mid_49530,Xiaomi,Xiaomi Mix2 ,Android 11.0,2020-06-14
110,2020-06-14,2020-06-14 10:57:54,huawei,26,v2.1.134,mid_496630,Xiaomi,Xiaomi 10 Pro ,Android 11.0,2020-06-14
561,2020-06-14,2020-06-14 10:58:17,oppo,1,v2.1.134,mid_508054,Xiaomi,Xiaomi Mix2 ,Android 11.0,2020-06-14
169,2020-06-14,2020-06-14 10:58:11,oppo,26,v2.1.134,mid_511558,Xiaomi,Xiaomi 10 Pro ,Android 10.0,2020-06-14
93,2020-06-14,2020-06-14 10:58:09,xiaomi,12,v2.1.111,mid_511868,Redmi,Redmi k30,Android 11.0,2020-06-14
920,2020-06-14,2020-06-14 10:58:21,Appstore,15,v2.1.134,mid_525006,iPhone,iPhone Xs,iOS 13.3.1,2020-06-14
889,2020-06-14,2020-06-14 10:57:57,360,1,v2.1.134,mid_526478,vivo,vivo iqoo3,Android 11.0,2020-06-14
952,2020-06-14,2020-06-14 10:58:13,Appstore,26,v2.1.132,mid_527572,iPhone,iPhone 8,iOS 13.2.3,2020-06-14
449,2020-06-14,2020-06-14 10:57:56,oppo,26,v2.1.134,mid_532540,Huawei,Huawei P30,Android 11.0,2020-06-14
150,2020-06-14,2020-06-14 10:58:22,vivo,26,v2.1.134,mid_53557,Xiaomi,Xiaomi Mix2 ,Android 10.0,2020-06-14
308,2020-06-14,2020-06-14 10:58:22,vivo,13,v2.1.132,mid_54253,Xiaomi,Xiaomi Mix2 ,Android 10.0,2020-06-14
183,2020-06-14,2020-06-14 10:57:58,oppo,1,v2.1.132,mid_542718,Xiaomi,Xiaomi 9,Android 9.0,2020-06-14
288,2020-06-14,2020-06-14 10:58:00,Appstore,26,v2.1.134,mid_544380,iPhone,iPhone Xs Max,iOS 13.3.1,2020-06-14
900,2020-06-14,2020-06-14 10:58:00,Appstore,1,v2.1.134,mid_55209,iPhone,iPhone Xs,iOS 12.4.1,2020-06-14
237,2020-06-14,2020-06-14 10:58:10,oppo,26,v2.1.134,mid_557057,Redmi,Redmi k30,Android 11.0,2020-06-14
880,2020-06-14,2020-06-14 10:57:58,oppo,1,v2.1.134,mid_56429,Huawei,Huawei Mate 30,Android 11.0,2020-06-14
46,2020-06-14,2020-06-14 10:58:20,Appstore,33,v2.1.134,mid_567781,iPhone,iPhone Xs,iOS 13.3.1,2020-06-14
972,2020-06-14,2020-06-14 10:58:04,xiaomi,13,v2.1.132,mid_572513,Xiaomi,Xiaomi 9,Android 10.0,2020-06-14
695,2020-06-14,2020-06-14 10:58:22,xiaomi,6,v2.1.134,mid_574129,Xiaomi,Xiaomi 10 Pro ,Android 11.0,2020-06-14
428,2020-06-14,2020-06-14 10:58:10,360,26,v2.1.134,mid_575214,vivo,vivo iqoo3,Android 9.0,2020-06-14
504,2020-06-14,2020-06-14 10:58:04,wandoujia,26,v2.1.134,mid_584431,Xiaomi,Xiaomi 9,Android 11.0,2020-06-14
198,2020-06-14,2020-06-14 10:58:07,oppo,6,v2.1.132,mid_587275,Redmi,Redmi k30,Android 11.0,2020-06-14
81,2020-06-14,2020-06-14 10:58:03,oppo,6,v2.1.134,mid_588471,Xiaomi,Xiaomi 9,Android 8.1,2020-06-14
11,2020-06-14,2020-06-14 10:57:55,xiaomi,1,v2.1.134,mid_590512,Xiaomi,Xiaomi 10 Pro ,Android 11.0,2020-06-14
932,2020-06-14,2020-06-14 10:57:57,huawei,26,v2.1.134,mid_591198,Xiaomi,Xiaomi Mix2 ,Android 11.0,2020-06-14
480,2020-06-14,2020-06-14 10:58:00,huawei,26,v2.1.134,mid_591908,vivo,vivo iqoo3,Android 11.0,2020-06-14
783,2020-06-14,2020-06-14 10:58:15,xiaomi,1,v2.1.134,mid_593748,Oneplus,Oneplus 7,Android 11.0,2020-06-14
44,2020-06-14,2020-06-14 10:58:23,Appstore,26,v2.1.134,mid_596963,iPhone,iPhone Xs Max,iOS 13.2.3,2020-06-14
80,2020-06-14,2020-06-14 10:58:14,Appstore,33,v2.1.132,mid_60124,iPhone,iPhone 8,iOS 13.3.1,2020-06-14
421,2020-06-14,2020-06-14 10:57:56,xiaomi,12,v2.1.134,mid_603717,Xiaomi,Xiaomi 9,Android 11.0,2020-06-14
784,2020-06-14,2020-06-14 10:57:59,xiaomi,26,v2.1.132,mid_605838,vivo,vivo iqoo3,Android 11.0,2020-06-14
927,2020-06-14,2020-06-14 10:57:56,Appstore,12,v2.1.134,mid_606239,iPhone,iPhone 8,iOS 13.3.1,2020-06-14
333,2020-06-14,2020-06-14 10:58:12,xiaomi,12,v2.1.134,mid_618742,Xiaomi,Xiaomi 9,Android 11.0,2020-06-14
272,2020-06-14,2020-06-14 10:58:01,Appstore,33,v2.1.132,mid_623769,iPhone,iPhone Xs Max,iOS 13.2.3,2020-06-14
403,2020-06-14,2020-06-14 10:58:11,oppo,26,v2.1.134,mid_625994,Xiaomi,Xiaomi 10 Pro ,Android 10.0,2020-06-14
111,2020-06-14,2020-06-14 10:58:26,xiaomi,12,v2.1.134,mid_63197,Xiaomi,Xiaomi 10 Pro ,Android 9.0,2020-06-14
33,2020-06-14,2020-06-14 10:58:18,wandoujia,12,v2.1.134,mid_632934,Oneplus,Oneplus 7,Android 11.0,2020-06-14
294,2020-06-14,2020-06-14 10:58:12,oppo,33,v2.1.134,mid_634679,Redmi,Redmi k30,Android 11.0,2020-06-14
66,2020-06-14,2020-06-14 10:58:15,web,6,v2.1.134,mid_635512,Huawei,Huawei Mate 30,Android 11.0,2020-06-14
237,2020-06-14,2020-06-14 10:58:17,Appstore,1,v2.1.132,mid_63995,iPhone,iPhone Xs Max,iOS 13.2.9,2020-06-14
703,2020-06-14,2020-06-14 10:58:13,Appstore,15,v2.1.111,mid_643897,iPhone,iPhone 8,iOS 13.3.1,2020-06-14
800,2020-06-14,2020-06-14 10:57:56,wandoujia,6,v2.1.134,mid_645338,Xiaomi,Xiaomi Mix2 ,Android 10.0,2020-06-14
991,2020-06-14,2020-06-14 10:58:00,oppo,12,v2.1.134,mid_6481,Huawei,Huawei P30,Android 11.0,2020-06-14
673,2020-06-14,2020-06-14 10:57:58,Appstore,26,v2.1.134,mid_648588,iPhone,iPhone Xs,iOS 13.3.1,2020-06-14
859,2020-06-14,2020-06-14 10:57:55,Appstore,1,v2.1.134,mid_6527,iPhone,iPhone Xs,iOS 13.3.1,2020-06-14
745,2020-06-14,2020-06-14 10:58:15,Appstore,6,v2.1.134,mid_663869,iPhone,iPhone Xs Max,iOS 13.2.9,2020-06-14
891,2020-06-14,2020-06-14 10:58:10,oppo,1,v2.1.134,mid_667358,Xiaomi,Xiaomi 9,Android 10.0,2020-06-14
344,2020-06-14,2020-06-14 10:58:22,huawei,12,v2.1.134,mid_668009,Xiaomi,Xiaomi Mix2 ,Android 10.0,2020-06-14
551,2020-06-14,2020-06-14 10:58:02,Appstore,1,v2.1.134,mid_668822,iPhone,iPhone Xs Max,iOS 13.2.3,2020-06-14
106,2020-06-14,2020-06-14 10:58:02,xiaomi,1,v2.1.134,mid_670474,Xiaomi,Xiaomi Mix2 ,Android 11.0,2020-06-14
227,2020-06-14,2020-06-14 10:58:10,Appstore,13,v2.1.134,mid_677986,iPhone,iPhone X,iOS 13.3.1,2020-06-14
399,2020-06-14,2020-06-14 10:58:01,wandoujia,15,v2.1.132,mid_678594,Xiaomi,Xiaomi 9,Android 11.0,2020-06-14
733,2020-06-14,2020-06-14 10:58:18,360,24,v2.1.134,mid_681011,Xiaomi,Xiaomi 9,Android 8.1,2020-06-14
512,2020-06-14,2020-06-14 10:58:13,oppo,33,v2.1.134,mid_681077,Honor,Honor 20s,Android 11.0,2020-06-14
718,2020-06-14,2020-06-14 10:57:57,wandoujia,26,v2.1.134,mid_681084,Xiaomi,Xiaomi Mix2 ,Android 11.0,2020-06-14
702,2020-06-14,2020-06-14 10:58:05,Appstore,6,v2.1.132,mid_685016,iPhone,iPhone X,iOS 13.3.1,2020-06-14
496,2020-06-14,2020-06-14 10:57:58,Appstore,1,v2.1.134,mid_687994,iPhone,iPhone Xs,iOS 13.2.9,2020-06-14
648,2020-06-14,2020-06-14 10:58:07,oppo,1,v2.1.134,mid_68876,Xiaomi,Xiaomi 10 Pro ,Android 11.0,2020-06-14
515,2020-06-14,2020-06-14 10:58:11,Appstore,6,v2.1.134,mid_694565,iPhone,iPhone 8,iOS 13.3.1,2020-06-14
419,2020-06-14,2020-06-14 10:58:19,Appstore,26,v2.1.132,mid_69587,iPhone,iPhone X,iOS 12.4.1,2020-06-14
570,2020-06-14,2020-06-14 10:58:08,Appstore,12,v2.1.134,mid_699098,iPhone,iPhone Xs,iOS 13.3.1,2020-06-14
510,2020-06-14,2020-06-14 10:58:21,Appstore,1,v2.1.134,mid_703519,iPhone,iPhone Xs Max,iOS 13.3.1,2020-06-14
476,2020-06-14,2020-06-14 10:58:08,wandoujia,1,v2.1.134,mid_713384,Redmi,Redmi k30,Android 8.1,2020-06-14
543,2020-06-14,2020-06-14 10:58:11,xiaomi,1,v2.1.134,mid_721760,Honor,Honor 20s,Android 9.0,2020-06-14
537,2020-06-14,2020-06-14 10:58:05,xiaomi,1,v2.1.134,mid_723133,Huawei,Huawei Mate 30,Android 11.0,2020-06-14
444,2020-06-14,2020-06-14 10:58:21,Appstore,26,v2.1.134,mid_726758,iPhone,iPhone X,iOS 13.3.1,2020-06-14
83,2020-06-14,2020-06-14 10:58:19,Appstore,26,v2.1.134,mid_729137,iPhone,iPhone Xs Max,iOS 13.3.1,2020-06-14
923,2020-06-14,2020-06-14 10:57:55,xiaomi,26,v2.1.134,mid_734067,Sumsung,Sumsung Galaxy S20,Android 11.0,2020-06-14
45,2020-06-14,2020-06-14 10:58:07,Appstore,15,v2.1.132,mid_73498,iPhone,iPhone Xs Max,iOS 13.3.1,2020-06-14
733,2020-06-14,2020-06-14 10:58:06,Appstore,6,v2.1.134,mid_739831,iPhone,iPhone Xs,iOS 13.3.1,2020-06-14
461,2020-06-14,2020-06-14 10:58:16,oppo,15,v2.1.134,mid_740318,Huawei,Huawei P30,Android 11.0,2020-06-14
906,2020-06-14,2020-06-14 10:57:55,Appstore,33,v2.1.132,mid_750432,iPhone,iPhone X,iOS 12.4.1,2020-06-14
597,2020-06-14,2020-06-14 10:58:18,oppo,26,v2.1.134,mid_750569,Oneplus,Oneplus 7,Android 9.0,2020-06-14
119,2020-06-14,2020-06-14 10:58:00,Appstore,15,v2.1.134,mid_752640,iPhone,iPhone X,iOS 13.3.1,2020-06-14
947,2020-06-14,2020-06-14 10:58:04,Appstore,15,v2.1.134,mid_753096,iPhone,iPhone X,iOS 13.2.9,2020-06-14
443,2020-06-14,2020-06-14 10:57:52,xiaomi,1,v2.1.134,mid_756104,Xiaomi,Xiaomi Mix2 ,Android 11.0,2020-06-14
635,2020-06-14,2020-06-14 10:57:59,Appstore,12,v2.1.134,mid_759465,iPhone,iPhone X,iOS 13.3.1,2020-06-14
346,2020-06-14,2020-06-14 10:58:04,web,1,v2.1.134,mid_770456,Xiaomi,Xiaomi 10 Pro ,Android 11.0,2020-06-14
172,2020-06-14,2020-06-14 10:58:26,xiaomi,26,v2.1.132,mid_772925,Xiaomi,Xiaomi 10 Pro ,Android 8.1,2020-06-14
346,2020-06-14,2020-06-14 10:58:21,vivo,1,v2.1.134,mid_773093,Xiaomi,Xiaomi 9,Android 11.0,2020-06-14
425,2020-06-14,2020-06-14 10:58:01,oppo,26,v2.1.134,mid_774526,Huawei,Huawei P30,Android 10.0,2020-06-14
68,2020-06-14,2020-06-14 10:58:13,Appstore,1,v2.1.134,mid_782870,iPhone,iPhone Xs Max,iOS 13.3.1,2020-06-14
24,2020-06-14,2020-06-14 10:58:20,huawei,24,v2.1.134,mid_785268,Huawei,Huawei Mate 30,Android 10.0,2020-06-14
656,2020-06-14,2020-06-14 10:58:25,web,6,v2.1.111,mid_788808,Xiaomi,Xiaomi 10 Pro ,Android 10.0,2020-06-14
192,2020-06-14,2020-06-14 10:57:55,oppo,26,v2.1.111,mid_788907,Xiaomi,Xiaomi 10 Pro ,Android 11.0,2020-06-14
335,2020-06-14,2020-06-14 10:58:11,wandoujia,24,v2.1.111,mid_804087,Xiaomi,Xiaomi 9,Android 11.0,2020-06-14
17,2020-06-14,2020-06-14 10:58:13,Appstore,33,v2.1.132,mid_810380,iPhone,iPhone Xs Max,iOS 13.2.9,2020-06-14
148,2020-06-14,2020-06-14 10:58:24,Appstore,15,v2.1.132,mid_811399,iPhone,iPhone 8,iOS 13.2.9,2020-06-14
858,2020-06-14,2020-06-14 10:58:05,xiaomi,1,v2.1.134,mid_811656,Xiaomi,Xiaomi 9,Android 10.0,2020-06-14
230,2020-06-14,2020-06-14 10:58:01,wandoujia,1,v2.0.1,mid_812468,Xiaomi,Xiaomi Mix2 ,Android 11.0,2020-06-14
104,2020-06-14,2020-06-14 10:58:02,Appstore,13,v2.1.134,mid_813318,iPhone,iPhone Xs,iOS 13.3.1,2020-06-14
874,2020-06-14,2020-06-14 10:58:14,oppo,26,v2.1.134,mid_81367,Xiaomi,Xiaomi Mix2 ,Android 8.1,2020-06-14
796,2020-06-14,2020-06-14 10:58:08,xiaomi,33,v2.1.134,mid_819184,Xiaomi,Xiaomi 9,Android 11.0,2020-06-14
446,2020-06-14,2020-06-14 10:58:12,oppo,24,v2.1.132,mid_82292,vivo,vivo iqoo3,Android 11.0,2020-06-14
884,2020-06-14,2020-06-14 10:58:18,Appstore,33,v2.1.134,mid_824664,iPhone,iPhone X,iOS 13.3.1,2020-06-14
826,2020-06-14,2020-06-14 10:58:16,oppo,1,v2.1.134,mid_834048,vivo,vivo iqoo3,Android 11.0,2020-06-14
752,2020-06-14,2020-06-14 10:58:01,Appstore,15,v2.1.134,mid_834684,iPhone,iPhone X,iOS 13.3.1,2020-06-14
390,2020-06-14,2020-06-14 10:58:22,xiaomi,6,v2.1.134,mid_835022,Xiaomi,Xiaomi 10 Pro ,Android 10.0,2020-06-14
387,2020-06-14,2020-06-14 10:58:17,xiaomi,12,v2.1.134,mid_836432,Sumsung,Sumsung Galaxy S20,Android 11.0,2020-06-14
418,2020-06-14,2020-06-14 10:58:10,xiaomi,6,v2.1.134,mid_842303,Xiaomi,Xiaomi 9,Android 11.0,2020-06-14
200,2020-06-14,2020-06-14 10:57:53,Appstore,1,v2.1.134,mid_847145,iPhone,iPhone Xs Max,iOS 13.3.1,2020-06-14
993,2020-06-14,2020-06-14 10:58:10,oppo,15,v2.1.134,mid_853715,Xiaomi,Xiaomi 10 Pro ,Android 10.0,2020-06-14
326,2020-06-14,2020-06-14 10:57:55,vivo,26,v2.1.134,mid_856214,Xiaomi,Xiaomi 10 Pro ,Android 11.0,2020-06-14
9,2020-06-14,2020-06-14 10:58:15,Appstore,6,v2.1.132,mid_860390,iPhone,iPhone Xs Max,iOS 13.2.9,2020-06-14
978,2020-06-14,2020-06-14 10:58:00,web,24,v2.1.134,mid_860997,Huawei,Huawei P30,Android 11.0,2020-06-14
11,2020-06-14,2020-06-14 10:58:13,wandoujia,1,v2.1.134,mid_86511,Huawei,Huawei Mate 30,Android 11.0,2020-06-14
491,2020-06-14,2020-06-14 10:58:18,xiaomi,12,v2.1.132,mid_865156,Xiaomi,Xiaomi 10 Pro ,Android 10.0,2020-06-14
467,2020-06-14,2020-06-14 10:57:54,web,15,v2.1.134,mid_869416,Xiaomi,Xiaomi 10 Pro ,Android 11.0,2020-06-14
826,2020-06-14,2020-06-14 10:58:08,web,26,v2.1.134,mid_869604,Xiaomi,Xiaomi 10 Pro ,Android 10.0,2020-06-14
686,2020-06-14,2020-06-14 10:58:01,wandoujia,24,v2.1.134,mid_871147,Xiaomi,Xiaomi 9,Android 11.0,2020-06-14
865,2020-06-14,2020-06-14 10:57:58,Appstore,1,v2.1.134,mid_878024,iPhone,iPhone 8,iOS 13.2.9,2020-06-14
67,2020-06-14,2020-06-14 10:58:07,Appstore,6,v2.1.132,mid_881029,iPhone,iPhone X,iOS 13.3.1,2020-06-14
13,2020-06-14,2020-06-14 10:58:13,vivo,33,v2.1.134,mid_886240,Xiaomi,Xiaomi 10 Pro ,Android 11.0,2020-06-14
325,2020-06-14,2020-06-14 10:57:59,oppo,1,v2.0.1,mid_894357,Xiaomi,Xiaomi 10 Pro ,Android 11.0,2020-06-14
477,2020-06-14,2020-06-14 10:58:16,Appstore,1,v2.1.134,mid_900480,iPhone,iPhone X,iOS 13.3.1,2020-06-14
355,2020-06-14,2020-06-14 10:58:00,xiaomi,1,v2.1.132,mid_904136,Xiaomi,Xiaomi 9,Android 10.0,2020-06-14
137,2020-06-14,2020-06-14 10:58:17,wandoujia,24,v2.1.134,mid_906849,Xiaomi,Xiaomi 10 Pro ,Android 10.0,2020-06-14
441,2020-06-14,2020-06-14 10:57:57,oppo,6,v2.1.132,mid_914369,Xiaomi,Xiaomi Mix2 ,Android 10.0,2020-06-14
197,2020-06-14,2020-06-14 10:58:01,Appstore,1,v2.1.134,mid_924530,iPhone,iPhone Xs Max,iOS 13.2.3,2020-06-14
507,2020-06-14,2020-06-14 10:58:03,Appstore,6,v2.0.1,mid_937376,iPhone,iPhone X,iOS 13.3.1,2020-06-14
742,2020-06-14,2020-06-14 10:58:02,xiaomi,26,v2.1.134,mid_94075,vivo,vivo iqoo3,Android 10.0,2020-06-14
577,2020-06-14,2020-06-14 10:58:21,oppo,1,v2.1.134,mid_941313,Xiaomi,Xiaomi 9,Android 11.0,2020-06-14
876,2020-06-14,2020-06-14 10:58:15,wandoujia,33,v2.1.134,mid_947547,Xiaomi,Xiaomi 10 Pro ,Android 11.0,2020-06-14
862,2020-06-14,2020-06-14 10:58:15,Appstore,6,v2.1.134,mid_948589,iPhone,iPhone 8,iOS 13.2.9,2020-06-14
290,2020-06-14,2020-06-14 10:58:10,oppo,1,v2.1.132,mid_975700,vivo,vivo iqoo3,Android 11.0,2020-06-14
854,2020-06-14,2020-06-14 10:58:03,360,1,v2.1.134,mid_978807,Oneplus,Oneplus 7,Android 10.0,2020-06-14
144,2020-06-14,2020-06-14 10:58:04,xiaomi,6,v2.1.132,mid_992788,Huawei,Huawei P30,Android 11.0,2020-06-14
957,2020-06-14,2020-06-14 10:58:10,xiaomi,12,v2.1.134,mid_993425,Xiaomi,Xiaomi Mix2 ,Android 11.0,2020-06-14
261,2020-06-14,2020-06-14 10:58:26,oppo,26,v2.1.132,mid_102912,vivo,vivo iqoo3,Android 8.1,2020-06-14
620,2020-06-14,2020-06-14 10:58:11,xiaomi,12,v2.1.134,mid_11028,Xiaomi,Xiaomi 10 Pro ,Android 11.0,2020-06-14
374,2020-06-14,2020-06-14 10:58:24,oppo,1,v2.1.134,mid_111142,Sumsung,Sumsung Galaxy S20,Android 11.0,2020-06-14
284,2020-06-14,2020-06-14 10:58:15,wandoujia,26,v2.1.134,mid_112097,Xiaomi,Xiaomi 9,Android 8.1,2020-06-14
135,2020-06-14,2020-06-14 10:57:54,xiaomi,26,v2.1.134,mid_113356,Xiaomi,Xiaomi 10 Pro ,Android 11.0,2020-06-14
2,2020-06-14,2020-06-14 10:58:15,Appstore,12,v2.1.132,mid_120348,iPhone,iPhone Xs Max,iOS 13.3.1,2020-06-14
696,2020-06-14,2020-06-14 10:58:23,xiaomi,1,v2.1.134,mid_132723,Honor,Honor 20s,Android 10.0,2020-06-14
54,2020-06-14,2020-06-14 10:58:19,wandoujia,12,v2.1.134,mid_138575,Xiaomi,Xiaomi 10 Pro ,Android 11.0,2020-06-14
844,2020-06-14,2020-06-14 10:57:57,Appstore,33,v2.1.134,mid_140673,iPhone,iPhone Xs Max,iOS 13.3.1,2020-06-14
850,2020-06-14,2020-06-14 10:58:08,huawei,6,v2.1.134,mid_14568,vivo,vivo iqoo3,Android 11.0,2020-06-14
814,2020-06-14,2020-06-14 10:58:08,web,26,v2.1.134,mid_145732,Redmi,Redmi k30,Android 11.0,2020-06-14
549,2020-06-14,2020-06-14 10:58:10,xiaomi,26,v2.1.134,mid_150388,Xiaomi,Xiaomi 10 Pro ,Android 11.0,2020-06-14
817,2020-06-14,2020-06-14 10:58:06,xiaomi,24,v2.1.134,mid_160600,Xiaomi,Xiaomi Mix2 ,Android 11.0,2020-06-14
346,2020-06-14,2020-06-14 10:58:14,oppo,26,v2.1.134,mid_166464,Xiaomi,Xiaomi Mix2 ,Android 10.0,2020-06-14
504,2020-06-14,2020-06-14 10:58:06,Appstore,1,v2.1.134,mid_167139,iPhone,iPhone Xs Max,iOS 13.2.9,2020-06-14
247,2020-06-14,2020-06-14 10:58:09,xiaomi,24,v2.1.111,mid_167841,Xiaomi,Xiaomi 10 Pro ,Android 11.0,2020-06-14
797,2020-06-14,2020-06-14 10:58:19,Appstore,1,v2.1.134,mid_168343,iPhone,iPhone 8,iOS 13.2.9,2020-06-14
502,2020-06-14,2020-06-14 10:58:23,Appstore,26,v2.1.132,mid_168913,iPhone,iPhone X,iOS 13.3.1,2020-06-14
598,2020-06-14,2020-06-14 10:58:22,vivo,6,v2.1.132,mid_170023,Oneplus,Oneplus 7,Android 11.0,2020-06-14
449,2020-06-14,2020-06-14 10:58:05,xiaomi,1,v2.1.111,mid_170887,Huawei,Huawei P30,Android 11.0,2020-06-14
483,2020-06-14,2020-06-14 10:58:22,xiaomi,6,v2.1.132,mid_181797,Xiaomi,Xiaomi 10 Pro ,Android 11.0,2020-06-14
364,2020-06-14,2020-06-14 10:58:19,huawei,13,v2.1.132,mid_182409,Oneplus,Oneplus 7,Android 8.1,2020-06-14
5,2020-06-14,2020-06-14 10:57:57,wandoujia,1,v2.1.134,mid_18461,Xiaomi,Xiaomi 10 Pro ,Android 11.0,2020-06-14
885,2020-06-14,2020-06-14 10:58:09,Appstore,15,v2.1.134,mid_184672,iPhone,iPhone Xs,iOS 13.3.1,2020-06-14
428,2020-06-14,2020-06-14 10:57:54,Appstore,6,v2.1.134,mid_186197,iPhone,iPhone Xs,iOS 13.3.1,2020-06-14
145,2020-06-14,2020-06-14 10:58:15,xiaomi,1,v2.1.132,mid_187696,Huawei,Huawei P30,Android 11.0,2020-06-14
384,2020-06-14,2020-06-14 10:58:20,huawei,15,v2.1.111,mid_191306,Xiaomi,Xiaomi 9,Android 11.0,2020-06-14
632,2020-06-14,2020-06-14 10:58:12,vivo,15,v2.1.134,mid_198722,vivo,vivo iqoo3,Android 10.0,2020-06-14
362,2020-06-14,2020-06-14 10:58:11,wandoujia,1,v2.1.132,mid_199586,Xiaomi,Xiaomi 9,Android 11.0,2020-06-14
733,2020-06-14,2020-06-14 10:58:21,xiaomi,1,v2.1.134,mid_200292,Xiaomi,Xiaomi 9,Android 10.0,2020-06-14
364,2020-06-14,2020-06-14 10:57:57,xiaomi,26,v2.1.134,mid_203553,Huawei,Huawei Mate 30,Android 11.0,2020-06-14
606,2020-06-14,2020-06-14 10:57:52,vivo,15,v2.1.134,mid_21352,Redmi,Redmi k30,Android 11.0,2020-06-14
194,2020-06-14,2020-06-14 10:58:08,oppo,24,v2.1.134,mid_215460,Sumsung,Sumsung Galaxy S20,Android 11.0,2020-06-14
547,2020-06-14,2020-06-14 10:57:59,xiaomi,6,v2.1.134,mid_217502,Huawei,Huawei P30,Android 11.0,2020-06-14
64,2020-06-14,2020-06-14 10:58:18,xiaomi,26,v2.1.134,mid_220913,Xiaomi,Xiaomi Mix2 ,Android 11.0,2020-06-14
267,2020-06-14,2020-06-14 10:58:23,xiaomi,12,v2.1.134,mid_226014,Xiaomi,Xiaomi Mix2 ,Android 9.0,2020-06-14
589,2020-06-14,2020-06-14 10:58:10,360,15,v2.1.134,mid_231033,Xiaomi,Xiaomi 9,Android 11.0,2020-06-14
497,2020-06-14,2020-06-14 10:58:08,wandoujia,15,v2.1.132,mid_233475,Xiaomi,Xiaomi 10 Pro ,Android 9.0,2020-06-14
308,2020-06-14,2020-06-14 10:57:57,Appstore,6,v2.1.132,mid_242757,iPhone,iPhone Xs,iOS 13.3.1,2020-06-14
118,2020-06-14,2020-06-14 10:58:11,oppo,1,v2.1.134,mid_247809,Xiaomi,Xiaomi 9,Android 10.0,2020-06-14
795,2020-06-14,2020-06-14 10:58:20,Appstore,15,v2.1.134,mid_249808,iPhone,iPhone Xs,iOS 13.2.3,2020-06-14
648,2020-06-14,2020-06-14 10:57:59,xiaomi,1,v2.1.134,mid_253895,vivo,vivo iqoo3,Android 10.0,2020-06-14
592,2020-06-14,2020-06-14 10:58:10,wandoujia,12,v2.1.134,mid_254841,Redmi,Redmi k30,Android 11.0,2020-06-14
513,2020-06-14,2020-06-14 10:57:56,xiaomi,6,v2.1.134,mid_258696,vivo,vivo iqoo3,Android 11.0,2020-06-14
577,2020-06-14,2020-06-14 10:57:58,wandoujia,26,v2.1.134,mid_259690,Xiaomi,Xiaomi 9,Android 11.0,2020-06-14
899,2020-06-14,2020-06-14 10:58:16,vivo,1,v2.1.132,mid_262094,Oneplus,Oneplus 7,Android 11.0,2020-06-14
131,2020-06-14,2020-06-14 10:58:19,web,6,v2.1.132,mid_265440,Xiaomi,Xiaomi 10 Pro ,Android 10.0,2020-06-14
935,2020-06-14,2020-06-14 10:58:21,Appstore,1,v2.0.1,mid_27278,iPhone,iPhone X,iOS 13.3.1,2020-06-14
934,2020-06-14,2020-06-14 10:58:15,oppo,1,v2.1.134,mid_277858,Xiaomi,Xiaomi 9,Android 11.0,2020-06-14
393,2020-06-14,2020-06-14 10:58:04,oppo,1,v2.1.132,mid_282399,Xiaomi,Xiaomi Mix2 ,Android 11.0,2020-06-14
434,2020-06-14,2020-06-14 10:58:12,Appstore,6,v2.1.134,mid_283635,iPhone,iPhone 8,iOS 13.2.9,2020-06-14
263,2020-06-14,2020-06-14 10:58:06,xiaomi,26,v2.1.134,mid_283918,Xiaomi,Xiaomi 9,Android 11.0,2020-06-14
34,2020-06-14,2020-06-14 10:57:55,Appstore,1,v2.1.132,mid_289524,iPhone,iPhone X,iOS 13.3.1,2020-06-14
702,2020-06-14,2020-06-14 10:58:12,Appstore,13,v2.1.134,mid_292601,iPhone,iPhone Xs Max,iOS 13.3.1,2020-06-14
253,2020-06-14,2020-06-14 10:58:17,Appstore,1,v2.1.134,mid_300061,iPhone,iPhone Xs Max,iOS 13.2.9,2020-06-14
12,2020-06-14,2020-06-14 10:58:19,xiaomi,26,v2.1.134,mid_305100,vivo,vivo iqoo3,Android 9.0,2020-06-14
888,2020-06-14,2020-06-14 10:57:57,web,1,v2.1.134,mid_307674,Xiaomi,Xiaomi 9,Android 11.0,2020-06-14
5,2020-06-14,2020-06-14 10:58:18,Appstore,1,v2.1.132,mid_308385,iPhone,iPhone X,iOS 13.3.1,2020-06-14
594,2020-06-14,2020-06-14 10:57:54,xiaomi,12,v2.1.134,mid_335539,Xiaomi,Xiaomi 9,Android 11.0,2020-06-14
182,2020-06-14,2020-06-14 10:58:20,xiaomi,1,v2.1.134,mid_341014,Xiaomi,Xiaomi Mix2 ,Android 10.0,2020-06-14
259,2020-06-14,2020-06-14 10:58:18,web,15,v2.1.134,mid_348869,Oneplus,Oneplus 7,Android 11.0,2020-06-14
495,2020-06-14,2020-06-14 10:58:03,Appstore,1,v2.1.134,mid_350212,iPhone,iPhone 8,iOS 13.3.1,2020-06-14
452,2020-06-14,2020-06-14 10:58:12,oppo,6,v2.1.134,mid_353733,vivo,vivo iqoo3,Android 11.0,2020-06-14
951,2020-06-14,2020-06-14 10:57:57,xiaomi,24,v2.1.134,mid_354106,Xiaomi,Xiaomi 10 Pro ,Android 11.0,2020-06-14
753,2020-06-14,2020-06-14 10:58:03,huawei,26,v2.1.132,mid_356598,Honor,Honor 20s,Android 10.0,2020-06-14
577,2020-06-14,2020-06-14 10:58:09,xiaomi,1,v2.1.134,mid_366705,vivo,vivo iqoo3,Android 11.0,2020-06-14
688,2020-06-14,2020-06-14 10:58:17,oppo,6,v2.1.111,mid_383672,Honor,Honor 20s,Android 11.0,2020-06-14
73,2020-06-14,2020-06-14 10:58:17,Appstore,1,v2.1.134,mid_385109,iPhone,iPhone X,iOS 12.4.1,2020-06-14
251,2020-06-14,2020-06-14 10:57:56,360,1,v2.1.134,mid_385711,Sumsung,Sumsung Galaxy S20,Android 11.0,2020-06-14
263,2020-06-14,2020-06-14 10:58:06,huawei,26,v2.1.132,mid_388015,Xiaomi,Xiaomi 9,Android 11.0,2020-06-14
312,2020-06-14,2020-06-14 10:58:10,huawei,1,v2.1.134,mid_388991,Xiaomi,Xiaomi 10 Pro ,Android 11.0,2020-06-14
491,2020-06-14,2020-06-14 10:57:55,web,15,v2.1.132,mid_388995,Xiaomi,Xiaomi 10 Pro ,Android 10.0,2020-06-14
978,2020-06-14,2020-06-14 10:58:05,360,26,v2.1.134,mid_393930,Xiaomi,Xiaomi 10 Pro ,Android 11.0,2020-06-14
924,2020-06-14,2020-06-14 10:58:21,360,6,v2.1.134,mid_398696,Redmi,Redmi k30,Android 10.0,2020-06-14
838,2020-06-14,2020-06-14 10:58:06,wandoujia,1,v2.1.134,mid_406739,Xiaomi,Xiaomi Mix2 ,Android 11.0,2020-06-14
37,2020-06-14,2020-06-14 10:58:19,oppo,13,v2.1.134,mid_412142,Huawei,Huawei P30,Android 11.0,2020-06-14
501,2020-06-14,2020-06-14 10:58:02,Appstore,1,v2.1.134,mid_412165,iPhone,iPhone Xs Max,iOS 13.2.9,2020-06-14
489,2020-06-14,2020-06-14 10:58:06,oppo,13,v2.1.134,mid_423916,Xiaomi,Xiaomi Mix2 ,Android 10.0,2020-06-14
242,2020-06-14,2020-06-14 10:58:12,Appstore,6,v2.1.134,mid_425564,iPhone,iPhone 8,iOS 13.3.1,2020-06-14
573,2020-06-14,2020-06-14 10:58:05,xiaomi,6,v2.1.134,mid_426894,Xiaomi,Xiaomi 9,Android 9.0,2020-06-14
557,2020-06-14,2020-06-14 10:57:59,Appstore,6,v2.1.134,mid_432871,iPhone,iPhone Xs Max,iOS 13.2.9,2020-06-14
245,2020-06-14,2020-06-14 10:58:01,web,6,v2.1.134,mid_434448,vivo,vivo iqoo3,Android 11.0,2020-06-14
62,2020-06-14,2020-06-14 10:58:25,oppo,1,v2.1.134,mid_435897,Xiaomi,Xiaomi 9,Android 11.0,2020-06-14
322,2020-06-14,2020-06-14 10:58:12,Appstore,33,v2.1.134,mid_440417,iPhone,iPhone Xs,iOS 13.3.1,2020-06-14
694,2020-06-14,2020-06-14 10:58:24,oppo,6,v2.1.134,mid_442404,Xiaomi,Xiaomi 9,Android 10.0,2020-06-14
90,2020-06-14,2020-06-14 10:58:05,wandoujia,24,v2.1.132,mid_456101,Xiaomi,Xiaomi Mix2 ,Android 11.0,2020-06-14
178,2020-06-14,2020-06-14 10:58:09,xiaomi,1,v2.1.132,mid_466033,Xiaomi,Xiaomi Mix2 ,Android 11.0,2020-06-14
242,2020-06-14,2020-06-14 10:58:13,Appstore,1,v2.1.134,mid_477127,iPhone,iPhone 8,iOS 13.3.1,2020-06-14
166,2020-06-14,2020-06-14 10:58:23,Appstore,24,v2.0.1,mid_481524,iPhone,iPhone X,iOS 13.3.1,2020-06-14
219,2020-06-14,2020-06-14 10:58:25,xiaomi,12,v2.1.132,mid_486426,Redmi,Redmi k30,Android 10.0,2020-06-14
127,2020-06-14,2020-06-14 10:58:03,xiaomi,12,v2.1.134,mid_490278,vivo,vivo iqoo3,Android 11.0,2020-06-14
549,2020-06-14,2020-06-14 10:58:20,oppo,6,v2.1.134,mid_492166,Xiaomi,Xiaomi Mix2 ,Android 10.0,2020-06-14
571,2020-06-14,2020-06-14 10:58:07,xiaomi,1,v2.1.134,mid_493818,Huawei,Huawei Mate 30,Android 11.0,2020-06-14
691,2020-06-14,2020-06-14 10:58:16,vivo,1,v2.1.134,mid_496845,Huawei,Huawei Mate 30,Android 11.0,2020-06-14
540,2020-06-14,2020-06-14 10:57:56,vivo,1,v2.1.132,mid_498775,Huawei,Huawei Mate 30,Android 11.0,2020-06-14
43,2020-06-14,2020-06-14 10:58:16,Appstore,26,v2.1.134,mid_49943,iPhone,iPhone 8,iOS 13.3.1,2020-06-14
517,2020-06-14,2020-06-14 10:57:56,Appstore,6,v2.1.134,mid_512296,iPhone,iPhone X,iOS 13.2.9,2020-06-14
445,2020-06-14,2020-06-14 10:58:07,xiaomi,24,v2.1.134,mid_512550,Sumsung,Sumsung Galaxy S20,Android 11.0,2020-06-14
502,2020-06-14,2020-06-14 10:58:11,Appstore,12,v2.1.134,mid_515485,iPhone,iPhone X,iOS 12.4.1,2020-06-14
531,2020-06-14,2020-06-14 10:58:07,Appstore,13,v2.1.134,mid_52195,iPhone,iPhone X,iOS 13.2.3,2020-06-14
34,2020-06-14,2020-06-14 10:58:22,xiaomi,15,v2.1.134,mid_523161,Xiaomi,Xiaomi 10 Pro ,Android 11.0,2020-06-14
802,2020-06-14,2020-06-14 10:58:06,xiaomi,12,v2.1.134,mid_529623,Xiaomi,Xiaomi 10 Pro ,Android 11.0,2020-06-14
911,2020-06-14,2020-06-14 10:57:53,360,1,v2.1.134,mid_542952,Redmi,Redmi k30,Android 11.0,2020-06-14
11,2020-06-14,2020-06-14 10:57:53,Appstore,12,v2.1.134,mid_547124,iPhone,iPhone Xs Max,iOS 13.3.1,2020-06-14
465,2020-06-14,2020-06-14 10:58:00,Appstore,24,v2.1.134,mid_547535,iPhone,iPhone Xs Max,iOS 13.3.1,2020-06-14
833,2020-06-14,2020-06-14 10:58:00,wandoujia,6,v2.1.132,mid_54840,Xiaomi,Xiaomi 10 Pro ,Android 11.0,2020-06-14
982,2020-06-14,2020-06-14 10:58:24,oppo,1,v2.1.132,mid_555979,Huawei,Huawei Mate 30,Android 11.0,2020-06-14
576,2020-06-14,2020-06-14 10:57:56,xiaomi,1,v2.1.134,mid_556385,Xiaomi,Xiaomi 9,Android 11.0,2020-06-14
111,2020-06-14,2020-06-14 10:58:16,Appstore,6,v2.1.132,mid_567149,iPhone,iPhone X,iOS 13.3.1,2020-06-14
459,2020-06-14,2020-06-14 10:58:03,oppo,6,v2.1.132,mid_592216,vivo,vivo iqoo3,Android 9.0,2020-06-14
167,2020-06-14,2020-06-14 10:58:25,web,26,v2.1.134,mid_600674,vivo,vivo iqoo3,Android 11.0,2020-06-14
516,2020-06-14,2020-06-14 10:58:17,Appstore,1,v2.1.134,mid_6116,iPhone,iPhone Xs Max,iOS 13.3.1,2020-06-14
445,2020-06-14,2020-06-14 10:58:20,xiaomi,1,v2.1.134,mid_614796,Oneplus,Oneplus 7,Android 10.0,2020-06-14
199,2020-06-14,2020-06-14 10:58:24,huawei,26,v2.1.134,mid_620745,vivo,vivo iqoo3,Android 10.0,2020-06-14
372,2020-06-14,2020-06-14 10:58:13,oppo,6,v2.1.111,mid_627113,Xiaomi,Xiaomi 10 Pro ,Android 11.0,2020-06-14
173,2020-06-14,2020-06-14 10:58:07,Appstore,26,v2.1.134,mid_628379,iPhone,iPhone Xs Max,iOS 13.2.3,2020-06-14
658,2020-06-14,2020-06-14 10:58:17,oppo,1,v2.1.134,mid_642376,Xiaomi,Xiaomi Mix2 ,Android 10.0,2020-06-14
559,2020-06-14,2020-06-14 10:58:04,oppo,24,v2.1.134,mid_643319,Xiaomi,Xiaomi 10 Pro ,Android 11.0,2020-06-14
420,2020-06-14,2020-06-14 10:58:18,xiaomi,26,v2.1.134,mid_644984,Xiaomi,Xiaomi 9,Android 11.0,2020-06-14
284,2020-06-14,2020-06-14 10:57:54,Appstore,6,v2.1.134,mid_646743,iPhone,iPhone 8,iOS 13.2.9,2020-06-14
768,2020-06-14,2020-06-14 10:58:02,Appstore,26,v2.1.134,mid_657235,iPhone,iPhone 8,iOS 13.3.1,2020-06-14
318,2020-06-14,2020-06-14 10:58:17,Appstore,15,v2.1.134,mid_658232,iPhone,iPhone 8,iOS 13.3.1,2020-06-14
283,2020-06-14,2020-06-14 10:58:07,Appstore,6,v2.1.134,mid_6625,iPhone,iPhone 8,iOS 13.3.1,2020-06-14
441,2020-06-14,2020-06-14 10:58:24,xiaomi,33,v2.1.134,mid_670928,Xiaomi,Xiaomi 10 Pro ,Android 11.0,2020-06-14
816,2020-06-14,2020-06-14 10:58:16,vivo,6,v2.1.132,mid_67386,Xiaomi,Xiaomi 10 Pro ,Android 10.0,2020-06-14
658,2020-06-14,2020-06-14 10:57:53,wandoujia,1,v2.1.134,mid_675339,Xiaomi,Xiaomi Mix2 ,Android 11.0,2020-06-14
97,2020-06-14,2020-06-14 10:58:07,360,1,v2.1.134,mid_685366,Xiaomi,Xiaomi Mix2 ,Android 11.0,2020-06-14
805,2020-06-14,2020-06-14 10:58:23,oppo,12,v2.0.1,mid_691280,Redmi,Redmi k30,Android 11.0,2020-06-14
965,2020-06-14,2020-06-14 10:58:08,web,12,v2.1.111,mid_695665,Xiaomi,Xiaomi 10 Pro ,Android 11.0,2020-06-14
572,2020-06-14,2020-06-14 10:57:56,xiaomi,12,v2.1.134,mid_698558,Xiaomi,Xiaomi Mix2 ,Android 10.0,2020-06-14
121,2020-06-14,2020-06-14 10:57:56,xiaomi,26,v2.1.132,mid_705336,Redmi,Redmi k30,Android 11.0,2020-06-14
639,2020-06-14,2020-06-14 10:58:09,xiaomi,33,v2.1.134,mid_713714,Xiaomi,Xiaomi 10 Pro ,Android 8.1,2020-06-14
72,2020-06-14,2020-06-14 10:58:14,web,1,v2.1.134,mid_714743,Honor,Honor 20s,Android 11.0,2020-06-14
89,2020-06-14,2020-06-14 10:57:54,xiaomi,1,v2.1.134,mid_725607,Xiaomi,Xiaomi 9,Android 11.0,2020-06-14
937,2020-06-14,2020-06-14 10:57:58,oppo,1,v2.1.134,mid_72753,Xiaomi,Xiaomi Mix2 ,Android 11.0,2020-06-14
527,2020-06-14,2020-06-14 10:58:02,xiaomi,1,v2.1.134,mid_73035,Huawei,Huawei P30,Android 10.0,2020-06-14
734,2020-06-14,2020-06-14 10:58:20,Appstore,15,v2.1.132,mid_734125,iPhone,iPhone 8,iOS 13.3.1,2020-06-14
666,2020-06-14,2020-06-14 10:58:00,xiaomi,6,v2.1.132,mid_734766,Honor,Honor 20s,Android 11.0,2020-06-14
148,2020-06-14,2020-06-14 10:57:56,xiaomi,1,v2.1.134,mid_735524,Xiaomi,Xiaomi Mix2 ,Android 8.1,2020-06-14
97,2020-06-14,2020-06-14 10:58:16,oppo,12,v2.1.134,mid_741970,Xiaomi,Xiaomi 9,Android 8.1,2020-06-14
689,2020-06-14,2020-06-14 10:58:24,xiaomi,1,v2.1.132,mid_746344,Xiaomi,Xiaomi Mix2 ,Android 10.0,2020-06-14
63,2020-06-14,2020-06-14 10:58:08,Appstore,1,v2.1.134,mid_755931,iPhone,iPhone Xs,iOS 13.3.1,2020-06-14
42,2020-06-14,2020-06-14 10:57:54,Appstore,1,v2.1.134,mid_757411,iPhone,iPhone Xs,iOS 13.3.1,2020-06-14
402,2020-06-14,2020-06-14 10:58:20,oppo,13,v2.1.134,mid_757617,Honor,Honor 20s,Android 10.0,2020-06-14
576,2020-06-14,2020-06-14 10:58:13,web,12,v2.1.132,mid_763219,Xiaomi,Xiaomi 10 Pro ,Android 11.0,2020-06-14
974,2020-06-14,2020-06-14 10:58:01,oppo,1,v2.1.134,mid_766277,Xiaomi,Xiaomi 10 Pro ,Android 11.0,2020-06-14
517,2020-06-14,2020-06-14 10:57:57,xiaomi,26,v2.1.134,mid_773467,Xiaomi,Xiaomi 10 Pro ,Android 10.0,2020-06-14
484,2020-06-14,2020-06-14 10:58:09,Appstore,24,v2.1.111,mid_776507,iPhone,iPhone 8,iOS 13.3.1,2020-06-14
533,2020-06-14,2020-06-14 10:58:19,vivo,6,v2.1.134,mid_786210,Huawei,Huawei Mate 30,Android 11.0,2020-06-14
645,2020-06-14,2020-06-14 10:58:20,xiaomi,26,v2.0.1,mid_802469,Xiaomi,Xiaomi 9,Android 11.0,2020-06-14
567,2020-06-14,2020-06-14 10:57:57,Appstore,1,v2.1.111,mid_803497,iPhone,iPhone Xs,iOS 13.2.3,2020-06-14
400,2020-06-14,2020-06-14 10:58:03,web,6,v2.1.132,mid_805461,Xiaomi,Xiaomi 9,Android 11.0,2020-06-14
680,2020-06-14,2020-06-14 10:58:15,Appstore,6,v2.1.132,mid_812530,iPhone,iPhone Xs Max,iOS 13.2.3,2020-06-14
436,2020-06-14,2020-06-14 10:58:24,oppo,6,v2.1.134,mid_820668,Xiaomi,Xiaomi 10 Pro ,Android 11.0,2020-06-14
958,2020-06-14,2020-06-14 10:58:11,wandoujia,1,v2.1.134,mid_821297,Xiaomi,Xiaomi 9,Android 11.0,2020-06-14
252,2020-06-14,2020-06-14 10:58:25,oppo,1,v2.1.134,mid_82280,Xiaomi,Xiaomi 10 Pro ,Android 11.0,2020-06-14
298,2020-06-14,2020-06-14 10:58:13,Appstore,26,v2.1.134,mid_827610,iPhone,iPhone Xs,iOS 13.2.3,2020-06-14
974,2020-06-14,2020-06-14 10:58:08,Appstore,1,v2.1.134,mid_828472,iPhone,iPhone 8,iOS 13.3.1,2020-06-14
503,2020-06-14,2020-06-14 10:58:00,Appstore,15,v2.1.134,mid_839136,iPhone,iPhone Xs Max,iOS 13.2.9,2020-06-14
757,2020-06-14,2020-06-14 10:57:59,Appstore,26,v2.1.132,mid_841336,iPhone,iPhone Xs Max,iOS 13.3.1,2020-06-14
981,2020-06-14,2020-06-14 10:58:14,oppo,15,v2.0.1,mid_842896,Xiaomi,Xiaomi Mix2 ,Android 10.0,2020-06-14
338,2020-06-14,2020-06-14 10:58:26,Appstore,6,v2.0.1,mid_844247,iPhone,iPhone 8,iOS 13.2.9,2020-06-14
626,2020-06-14,2020-06-14 10:58:24,Appstore,13,v2.0.1,mid_845581,iPhone,iPhone X,iOS 13.3.1,2020-06-14
826,2020-06-14,2020-06-14 10:58:06,xiaomi,26,v2.1.134,mid_848372,Huawei,Huawei Mate 30,Android 9.0,2020-06-14
661,2020-06-14,2020-06-14 10:58:06,oppo,6,v2.1.134,mid_850292,Xiaomi,Xiaomi 9,Android 10.0,2020-06-14
603,2020-06-14,2020-06-14 10:57:53,360,1,v2.1.134,mid_850568,Oneplus,Oneplus 7,Android 11.0,2020-06-14
611,2020-06-14,2020-06-14 10:58:23,xiaomi,26,v2.1.134,mid_857586,Xiaomi,Xiaomi Mix2 ,Android 11.0,2020-06-14
648,2020-06-14,2020-06-14 10:58:01,web,1,v2.1.134,mid_857928,Xiaomi,Xiaomi 10 Pro ,Android 10.0,2020-06-14
591,2020-06-14,2020-06-14 10:58:03,xiaomi,12,v2.1.132,mid_859073,Xiaomi,Xiaomi 10 Pro ,Android 9.0,2020-06-14
591,2020-06-14,2020-06-14 10:57:57,xiaomi,1,v2.1.132,mid_865971,Xiaomi,Xiaomi 10 Pro ,Android 11.0,2020-06-14
583,2020-06-14,2020-06-14 10:58:04,xiaomi,1,v2.1.132,mid_87553,Xiaomi,Xiaomi Mix2 ,Android 11.0,2020-06-14
239,2020-06-14,2020-06-14 10:57:59,wandoujia,6,v2.1.134,mid_890093,Xiaomi,Xiaomi 9,Android 11.0,2020-06-14
648,2020-06-14,2020-06-14 10:58:18,Appstore,12,v2.1.134,mid_892162,iPhone,iPhone X,iOS 13.3.1,2020-06-14
316,2020-06-14,2020-06-14 10:58:11,web,13,v2.1.134,mid_89929,Xiaomi,Xiaomi 9,Android 11.0,2020-06-14
711,2020-06-14,2020-06-14 10:57:55,Appstore,6,v2.1.134,mid_905613,iPhone,iPhone 8,iOS 13.2.3,2020-06-14
852,2020-06-14,2020-06-14 10:58:11,oppo,15,v2.1.132,mid_907210,Huawei,Huawei Mate 30,Android 8.1,2020-06-14
435,2020-06-14,2020-06-14 10:58:16,oppo,26,v2.1.134,mid_909430,Xiaomi,Xiaomi Mix2 ,Android 11.0,2020-06-14
792,2020-06-14,2020-06-14 10:58:03,vivo,1,v2.1.134,mid_911477,Honor,Honor 20s,Android 9.0,2020-06-14
447,2020-06-14,2020-06-14 10:58:04,360,6,v2.1.134,mid_913092,Xiaomi,Xiaomi 10 Pro ,Android 11.0,2020-06-14
766,2020-06-14,2020-06-14 10:58:17,Appstore,1,v2.1.134,mid_927895,iPhone,iPhone Xs Max,iOS 13.3.1,2020-06-14
190,2020-06-14,2020-06-14 10:58:15,wandoujia,12,v2.1.134,mid_930962,Xiaomi,Xiaomi 10 Pro ,Android 10.0,2020-06-14
404,2020-06-14,2020-06-14 10:58:23,Appstore,1,v2.1.134,mid_936689,iPhone,iPhone Xs,iOS 13.2.9,2020-06-14
846,2020-06-14,2020-06-14 10:58:20,huawei,26,v2.1.134,mid_946143,Xiaomi,Xiaomi Mix2 ,Android 11.0,2020-06-14
610,2020-06-14,2020-06-14 10:58:21,oppo,15,v2.1.132,mid_952217,vivo,vivo iqoo3,Android 10.0,2020-06-14
843,2020-06-14,2020-06-14 10:58:12,web,1,v2.1.111,mid_955794,Xiaomi,Xiaomi Mix2 ,Android 10.0,2020-06-14
754,2020-06-14,2020-06-14 10:57:57,oppo,15,v2.1.134,mid_960931,Xiaomi,Xiaomi 9,Android 11.0,2020-06-14
13,2020-06-14,2020-06-14 10:58:17,xiaomi,26,v2.1.134,mid_961722,Oneplus,Oneplus 7,Android 11.0,2020-06-14
265,2020-06-14,2020-06-14 10:57:56,huawei,6,v2.1.134,mid_975242,Oneplus,Oneplus 7,Android 11.0,2020-06-14
77,2020-06-14,2020-06-14 10:58:12,360,15,v2.1.134,mid_980402,Huawei,Huawei P30,Android 11.0,2020-06-14
778,2020-06-14,2020-06-14 10:58:25,xiaomi,1,v2.1.134,mid_981821,Xiaomi,Xiaomi 10 Pro ,Android 10.0,2020-06-14
729,2020-06-14,2020-06-14 10:58:06,Appstore,6,v2.1.132,mid_989803,iPhone,iPhone X,iOS 13.2.9,2020-06-14
327,2020-06-14,2020-06-14 10:58:26,Appstore,26,v2.1.134,mid_995171,iPhone,iPhone Xs,iOS 13.2.3,2020-06-14
