province_id,brand,channel,is_new,model,mid_id,operate_system,user_id,version_code,entry,open_ad_id,date_id,start_time,loading_time_ms,open_ad_ms,open_ad_skip_ms,dt
15,Redmi,vivo,0,Redmi k30,mid_21352,Android 11.0,606,v2.1.134,icon,15,2020-06-14,2020-06-14 10:57:52,5874,6651,4148,2020-06-14
1,Xiaomi,xiaomi,1,Xiaomi Mix2 ,mid_756104,Android 11.0,443,v2.1.134,icon,2,2020-06-14,2020-06-14 10:57:52,18193,6178,0,2020-06-14
1,Redmi,360,1,Redmi k30,mid_542952,Android 11.0,911,v2.1.134,icon,1,2020-06-14,2020-06-14 10:57:53,1607,2230,1248,2020-06-14
15,Xiaomi,web,0,Xiaomi 10 Pro ,mid_869416,Android 11.0,467,v2.1.134,icon,16,2020-06-14,2020-06-14 10:57:54,7398,3758,0,2020-06-14
26,Sumsung,xiaomi,0,Sumsung Galaxy S20,mid_734067,Android 11.0,923,v2.1.134,icon,12,2020-06-14,2020-06-14 10:57:55,7944,3836,3392,2020-06-14
1,iPhone,Appstore,0,iPhone Xs,mid_6527,iOS 13.3.1,859,v2.1.134,notice,13,2020-06-14,2020-06-14 10:57:55,5505,7649,7475,2020-06-14
13,vivo,360,1,vivo iqoo3,mid_332519,Android 11.0,963,v2.1.134,icon,10,2020-06-14,2020-06-14 10:57:55,2548,2941,0,2020-06-14
1,iPhone,Appstore,0,iPhone X,mid_289524,iOS 13.3.1,34,v2.1.132,icon,18,2020-06-14,2020-06-14 10:57:55,5882,3637,0,2020-06-14
33,iPhone,Appstore,1,iPhone X,mid_750432,iOS 12.4.1,906,v2.1.132,notice,19,2020-06-14,2020-06-14 10:57:55,9526,7520,4979,2020-06-14
1,Xiaomi,xiaomi,1,Xiaomi Mix2 ,mid_735524,Android 8.1,148,v2.1.134,icon,20,2020-06-14,2020-06-14 10:57:56,14611,5717,2398,2020-06-14
6,iPhone,Appstore,1,iPhone X,mid_512296,iOS 13.2.9,517,v2.1.134,notice,3,2020-06-14,2020-06-14 10:57:56,11159,1917,0,2020-06-14
6,vivo,xiaomi,0,vivo iqoo3,mid_258696,Android 11.0,513,v2.1.134,icon,6,2020-06-14,2020-06-14 10:57:56,15686,2579,1991,2020-06-14
1,Xiaomi,xiaomi,1,Xiaomi 9,mid_556385,Android 11.0,576,v2.1.134,icon,5,2020-06-14,2020-06-14 10:57:56,1490,1577,1573,2020-06-14
26,Huawei,oppo,0,Huawei P30,mid_532540,Android 11.0,449,v2.1.134,icon,2,2020-06-14,2020-06-14 10:57:56,12156,7099,0,2020-06-14
6,Xiaomi,wandoujia,1,Xiaomi Mix2 ,mid_645338,Android 10.0,800,v2.1.134,icon,7,2020-06-14,2020-06-14 10:57:56,10934,7831,7828,2020-06-14
26,Huawei,xiaomi,0,Huawei Mate 30,mid_203553,Android 11.0,364,v2.1.134,notice,15,2020-06-14,2020-06-14 10:57:57,11189,4198,4128,2020-06-14
6,iPhone,Appstore,1,iPhone Xs,mid_242757,iOS 13.3.1,308,v2.1.132,icon,15,2020-06-14,2020-06-14 10:57:57,2834,9507,0,2020-06-14
33,iPhone,Appstore,0,iPhone Xs Max,mid_140673,iOS 13.3.1,844,v2.1.134,notice,20,2020-06-14,2020-06-14 10:57:57,2095,3231,0,2020-06-14
26,Xiaomi,wandoujia,0,Xiaomi Mix2 ,mid_681084,Android 11.0,718,v2.1.134,notice,16,2020-06-14,2020-06-14 10:57:57,3527,9243,3758,2020-06-14
6,Xiaomi,huawei,1,Xiaomi Mix2 ,mid_203904,Android 11.0,839,v2.1.134,icon,7,2020-06-14,2020-06-14 10:57:57,11484,9006,5685,2020-06-14
1,Xiaomi,web,0,Xiaomi 9,mid_307674,Android 11.0,888,v2.1.134,icon,12,2020-06-14,2020-06-14 10:57:57,10423,3613,2437,2020-06-14
6,Xiaomi,oppo,1,Xiaomi Mix2 ,mid_914369,Android 10.0,441,v2.1.132,icon,9,2020-06-14,2020-06-14 10:57:57,12943,2416,0,2020-06-14
1,Xiaomi,wandoujia,1,Xiaomi Mix2 ,mid_675339,Android 11.0,658,v2.1.134,icon,7,2020-06-14,2020-06-14 10:57:53,17747,9324,0,2020-06-14
12,iPhone,Appstore,1,iPhone Xs Max,mid_547124,iOS 13.3.1,11,v2.1.134,notice,3,2020-06-14,2020-06-14 10:57:53,11453,1738,1281,2020-06-14
15,iPhone,Appstore,0,iPhone Xs,mid_119039,iOS 13.2.9,839,v2.1.132,icon,14,2020-06-14,2020-06-14 10:57:53,16089,8692,0,2020-06-14
1,Oneplus,360,0,Oneplus 7,mid_850568,Android 11.0,603,v2.1.134,icon,14,2020-06-14,2020-06-14 10:57:53,11755,8413,7106,2020-06-14
1,iPhone,Appstore,1,iPhone Xs Max,mid_847145,iOS 13.3.1,200,v2.1.134,icon,10,2020-06-14,2020-06-14 10:57:53,3966,1138,0,2020-06-14
1,iPhone,Appstore,1,iPhone Xs,mid_757411,iOS 13.3.1,42,v2.1.134,icon,18,2020-06-14,2020-06-14 10:57:54,2487,4512,0,2020-06-14
26,Xiaomi,huawei,1,Xiaomi 10 Pro ,mid_496630,Android 11.0,110,v2.1.134,icon,9,2020-06-14,2020-06-14 10:57:54,13355,1047,1013,2020-06-14
12,Xiaomi,xiaomi,1,Xiaomi 9,mid_335539,Android 11.0,594,v2.1.134,notice,6,2020-06-14,2020-06-14 10:57:54,2998,9220,0,2020-06-14
1,Xiaomi,web,0,Xiaomi 9,mid_370573,Android 11.0,775,v2.1.134,notice,9,2020-06-14,2020-06-14 10:57:54,16084,2171,0,2020-06-14
6,iPhone,Appstore,1,iPhone 8,mid_646743,iOS 13.2.9,284,v2.1.134,icon,2,2020-06-14,2020-06-14 10:57:54,9503,7395,0,2020-06-14
6,iPhone,Appstore,1,iPhone Xs,mid_186197,iOS 13.3.1,428,v2.1.134,icon,5,2020-06-14,2020-06-14 10:57:54,1359,3106,3085,2020-06-14
26,Xiaomi,xiaomi,1,Xiaomi 10 Pro ,mid_113356,Android 11.0,135,v2.1.134,icon,4,2020-06-14,2020-06-14 10:57:54,19154,7485,5199,2020-06-14
1,Xiaomi,xiaomi,0,Xiaomi 9,mid_725607,Android 11.0,89,v2.1.134,icon,9,2020-06-14,2020-06-14 10:57:54,7871,9031,4795,2020-06-14
26,Xiaomi,oppo,1,Xiaomi 10 Pro ,mid_788907,Android 11.0,192,v2.1.111,icon,3,2020-06-14,2020-06-14 10:57:55,11871,3828,0,2020-06-14
15,iPhone,Appstore,1,iPhone Xs Max,mid_329671,iOS 13.3.1,83,v2.1.134,icon,5,2020-06-14,2020-06-14 10:57:55,3127,2641,2506,2020-06-14
15,Xiaomi,web,1,Xiaomi 10 Pro ,mid_388995,Android 10.0,491,v2.1.132,icon,5,2020-06-14,2020-06-14 10:57:55,2307,5521,5051,2020-06-14
1,Xiaomi,xiaomi,1,Xiaomi 10 Pro ,mid_590512,Android 11.0,11,v2.1.134,icon,12,2020-06-14,2020-06-14 10:57:55,6094,9467,0,2020-06-14
26,Xiaomi,vivo,0,Xiaomi 10 Pro ,mid_856214,Android 11.0,326,v2.1.134,install,10,2020-06-14,2020-06-14 10:57:55,1655,6163,3438,2020-06-14
6,iPhone,Appstore,1,iPhone 8,mid_905613,iOS 13.2.3,711,v2.1.134,icon,3,2020-06-14,2020-06-14 10:57:55,17261,7465,6667,2020-06-14
12,Xiaomi,xiaomi,0,Xiaomi Mix2 ,mid_698558,Android 10.0,572,v2.1.134,icon,11,2020-06-14,2020-06-14 10:57:56,13142,1186,0,2020-06-14
1,Huawei,vivo,1,Huawei Mate 30,mid_498775,Android 11.0,540,v2.1.132,icon,8,2020-06-14,2020-06-14 10:57:56,18940,9332,0,2020-06-14
6,Oneplus,huawei,1,Oneplus 7,mid_975242,Android 11.0,265,v2.1.134,icon,6,2020-06-14,2020-06-14 10:57:56,13057,2378,2066,2020-06-14
26,Redmi,xiaomi,1,Redmi k30,mid_705336,Android 11.0,121,v2.1.132,notice,19,2020-06-14,2020-06-14 10:57:56,13351,4469,2351,2020-06-14
12,Xiaomi,xiaomi,1,Xiaomi 9,mid_603717,Android 11.0,421,v2.1.134,icon,7,2020-06-14,2020-06-14 10:57:56,16562,6164,0,2020-06-14
1,Sumsung,360,0,Sumsung Galaxy S20,mid_385711,Android 11.0,251,v2.1.134,icon,14,2020-06-14,2020-06-14 10:57:56,19562,9300,1392,2020-06-14
12,iPhone,Appstore,1,iPhone 8,mid_606239,iOS 13.3.1,927,v2.1.134,notice,6,2020-06-14,2020-06-14 10:57:56,8435,8771,0,2020-06-14
1,Xiaomi,xiaomi,1,Xiaomi 10 Pro ,mid_865971,Android 11.0,591,v2.1.132,icon,10,2020-06-14,2020-06-14 10:57:57,7664,5249,5229,2020-06-14
26,Xiaomi,xiaomi,0,Xiaomi 10 Pro ,mid_773467,Android 10.0,517,v2.1.134,install,9,2020-06-14,2020-06-14 10:57:57,18269,2799,0,2020-06-14
26,Xiaomi,huawei,0,Xiaomi Mix2 ,mid_591198,Android 11.0,932,v2.1.134,notice,10,2020-06-14,2020-06-14 10:57:57,8153,9718,8162,2020-06-14
15,Xiaomi,oppo,1,Xiaomi 9,mid_960931,Android 11.0,754,v2.1.134,icon,15,2020-06-14,2020-06-14 10:57:57,10871,5435,0,2020-06-14
1,Xiaomi,wandoujia,0,Xiaomi 10 Pro ,mid_18461,Android 11.0,5,v2.1.134,icon,1,2020-06-14,2020-06-14 10:57:57,14547,2255,0,2020-06-14
1,iPhone,Appstore,0,iPhone Xs,mid_803497,iOS 13.2.3,567,v2.1.111,icon,20,2020-06-14,2020-06-14 10:57:57,8408,7305,6443,2020-06-14
1,vivo,360,1,vivo iqoo3,mid_526478,Android 11.0,889,v2.1.134,icon,20,2020-06-14,2020-06-14 10:57:57,7832,2905,1377,2020-06-14
6,iPhone,Appstore,1,iPhone X,mid_236937,iOS 13.3.1,929,v2.1.134,icon,14,2020-06-14,2020-06-14 10:57:58,4108,1736,1213,2020-06-14
1,iPhone,Appstore,0,iPhone 8,mid_878024,iOS 13.2.9,865,v2.1.134,icon,4,2020-06-14,2020-06-14 10:57:58,10751,5415,0,2020-06-14
1,iPhone,Appstore,1,iPhone Xs,mid_687994,iOS 13.2.9,496,v2.1.134,install,3,2020-06-14,2020-06-14 10:57:58,12902,8514,0,2020-06-14
26,iPhone,Appstore,1,iPhone Xs,mid_648588,iOS 13.3.1,673,v2.1.134,icon,16,2020-06-14,2020-06-14 10:57:58,4997,9586,1700,2020-06-14
24,Xiaomi,xiaomi,0,Xiaomi 10 Pro ,mid_354106,Android 11.0,951,v2.1.134,icon,13,2020-06-14,2020-06-14 10:57:57,16507,9890,0,2020-06-14
24,Xiaomi,xiaomi,0,Xiaomi 10 Pro ,mid_347093,Android 11.0,838,v2.1.134,icon,17,2020-06-14,2020-06-14 10:57:58,5642,2221,0,2020-06-14
26,Xiaomi,wandoujia,0,Xiaomi 9,mid_259690,Android 11.0,577,v2.1.134,icon,20,2020-06-14,2020-06-14 10:57:58,10488,6517,0,2020-06-14
26,iPhone,Appstore,0,iPhone Xs,mid_21411,iOS 13.2.3,666,v2.0.1,icon,10,2020-06-14,2020-06-14 10:57:58,13594,6001,0,2020-06-14
1,Huawei,oppo,1,Huawei Mate 30,mid_56429,Android 11.0,880,v2.1.134,icon,17,2020-06-14,2020-06-14 10:57:58,4871,8043,1452,2020-06-14
26,Xiaomi,xiaomi,0,Xiaomi 10 Pro ,mid_480813,Android 11.0,982,v2.1.134,notice,8,2020-06-14,2020-06-14 10:57:58,11676,4314,0,2020-06-14
1,Xiaomi,oppo,0,Xiaomi Mix2 ,mid_72753,Android 11.0,937,v2.1.134,icon,8,2020-06-14,2020-06-14 10:57:58,18313,9116,0,2020-06-14
26,iPhone,Appstore,1,iPhone X,mid_120670,iOS 13.2.9,923,v2.1.134,icon,16,2020-06-14,2020-06-14 10:57:59,13769,3472,1179,2020-06-14
6,iPhone,Appstore,0,iPhone Xs Max,mid_432871,iOS 13.2.9,557,v2.1.134,icon,18,2020-06-14,2020-06-14 10:57:59,1675,2386,1048,2020-06-14
26,vivo,xiaomi,0,vivo iqoo3,mid_605838,Android 11.0,784,v2.1.132,icon,1,2020-06-14,2020-06-14 10:57:59,12799,9434,0,2020-06-14
6,Huawei,xiaomi,0,Huawei P30,mid_217502,Android 11.0,547,v2.1.134,icon,10,2020-06-14,2020-06-14 10:57:59,19851,5586,2702,2020-06-14
12,iPhone,Appstore,1,iPhone X,mid_759465,iOS 13.3.1,635,v2.1.134,icon,8,2020-06-14,2020-06-14 10:57:59,3315,6211,3982,2020-06-14
6,Xiaomi,wandoujia,0,Xiaomi 10 Pro ,mid_54840,Android 11.0,833,v2.1.132,icon,12,2020-06-14,2020-06-14 10:58:00,18782,2362,1602,2020-06-14
12,Xiaomi,wandoujia,1,Xiaomi 10 Pro ,mid_263345,Android 11.0,535,v2.1.132,icon,11,2020-06-14,2020-06-14 10:58:00,19348,9381,0,2020-06-14
1,Xiaomi,oppo,1,Xiaomi 9,mid_256146,Android 11.0,529,v2.0.1,icon,17,2020-06-14,2020-06-14 10:58:00,9711,3251,2507,2020-06-14
12,Huawei,oppo,1,Huawei P30,mid_6481,Android 11.0,991,v2.1.134,notice,8,2020-06-14,2020-06-14 10:58:00,14314,2414,1394,2020-06-14
26,vivo,xiaomi,0,vivo iqoo3,mid_174122,Android 11.0,443,v2.1.134,notice,18,2020-06-14,2020-06-14 10:58:00,14765,4398,3059,2020-06-14
26,iPhone,Appstore,0,iPhone Xs Max,mid_544380,iOS 13.3.1,288,v2.1.134,icon,20,2020-06-14,2020-06-14 10:58:00,11191,4830,3158,2020-06-14
24,iPhone,Appstore,1,iPhone Xs Max,mid_547535,iOS 13.3.1,465,v2.1.134,icon,14,2020-06-14,2020-06-14 10:58:00,12097,1345,0,2020-06-14
26,vivo,huawei,0,vivo iqoo3,mid_591908,Android 11.0,480,v2.1.134,icon,6,2020-06-14,2020-06-14 10:58:00,4643,2057,0,2020-06-14
1,Xiaomi,wandoujia,0,Xiaomi Mix2 ,mid_812468,Android 11.0,230,v2.0.1,icon,6,2020-06-14,2020-06-14 10:58:01,9171,9358,0,2020-06-14
1,Xiaomi,web,1,Xiaomi 10 Pro ,mid_857928,Android 10.0,648,v2.1.134,icon,17,2020-06-14,2020-06-14 10:58:01,2195,3076,0,2020-06-14
15,Xiaomi,wandoujia,1,Xiaomi 9,mid_678594,Android 11.0,399,v2.1.132,icon,15,2020-06-14,2020-06-14 10:58:01,11898,8220,0,2020-06-14
6,vivo,web,1,vivo iqoo3,mid_434448,Android 11.0,245,v2.1.134,icon,9,2020-06-14,2020-06-14 10:58:01,15023,1994,1168,2020-06-14
1,Xiaomi,oppo,0,Xiaomi Mix2 ,mid_242141,Android 11.0,802,v2.1.132,icon,3,2020-06-14,2020-06-14 10:58:01,2734,5549,1756,2020-06-14
15,iPhone,Appstore,1,iPhone X,mid_834684,iOS 13.3.1,752,v2.1.134,icon,3,2020-06-14,2020-06-14 10:58:01,7879,8663,0,2020-06-14
33,iPhone,Appstore,1,iPhone Xs Max,mid_623769,iOS 13.2.3,272,v2.1.132,icon,13,2020-06-14,2020-06-14 10:58:01,17131,9365,0,2020-06-14
26,vivo,xiaomi,1,vivo iqoo3,mid_94075,Android 10.0,742,v2.1.134,icon,16,2020-06-14,2020-06-14 10:58:02,13980,6787,5563,2020-06-14
26,iPhone,Appstore,0,iPhone 8,mid_657235,iOS 13.3.1,768,v2.1.134,icon,10,2020-06-14,2020-06-14 10:58:02,13026,9013,4127,2020-06-14
1,iPhone,Appstore,0,iPhone Xs Max,mid_668822,iOS 13.2.3,551,v2.1.134,icon,5,2020-06-14,2020-06-14 10:58:02,12684,3999,2247,2020-06-14
13,iPhone,Appstore,1,iPhone Xs,mid_813318,iOS 13.3.1,104,v2.1.134,icon,3,2020-06-14,2020-06-14 10:58:02,6602,4852,0,2020-06-14
1,iPhone,Appstore,0,iPhone Xs Max,mid_412165,iOS 13.2.9,501,v2.1.134,icon,2,2020-06-14,2020-06-14 10:58:02,19757,4700,4201,2020-06-14
24,Sumsung,huawei,0,Sumsung Galaxy S20,mid_286559,Android 9.0,449,v2.1.132,icon,13,2020-06-14,2020-06-14 10:57:58,16143,4127,0,2020-06-14
1,Xiaomi,oppo,0,Xiaomi 9,mid_542718,Android 9.0,183,v2.1.132,notice,4,2020-06-14,2020-06-14 10:57:58,16704,5160,2433,2020-06-14
26,iPhone,Appstore,1,iPhone Xs Max,mid_841336,iOS 13.3.1,757,v2.1.132,icon,6,2020-06-14,2020-06-14 10:57:59,12994,1769,1206,2020-06-14
6,Xiaomi,wandoujia,1,Xiaomi 9,mid_890093,Android 11.0,239,v2.1.134,icon,3,2020-06-14,2020-06-14 10:57:59,6617,3562,0,2020-06-14
1,Xiaomi,oppo,1,Xiaomi 10 Pro ,mid_894357,Android 11.0,325,v2.0.1,icon,2,2020-06-14,2020-06-14 10:57:59,4485,3198,0,2020-06-14
1,vivo,xiaomi,0,vivo iqoo3,mid_253895,Android 10.0,648,v2.1.134,icon,9,2020-06-14,2020-06-14 10:57:59,18461,1770,1729,2020-06-14
6,iPhone,Appstore,0,iPhone 8,mid_257542,iOS 13.3.1,208,v2.1.134,install,18,2020-06-14,2020-06-14 10:57:59,9405,7964,5728,2020-06-14
1,iPhone,Appstore,1,iPhone Xs,mid_55209,iOS 12.4.1,900,v2.1.134,icon,19,2020-06-14,2020-06-14 10:58:00,11469,8178,7896,2020-06-14
15,iPhone,Appstore,1,iPhone Xs Max,mid_839136,iOS 13.2.9,503,v2.1.134,notice,2,2020-06-14,2020-06-14 10:58:00,12878,6098,2985,2020-06-14
1,Xiaomi,xiaomi,0,Xiaomi 9,mid_904136,Android 10.0,355,v2.1.132,icon,20,2020-06-14,2020-06-14 10:58:00,7504,1222,0,2020-06-14
6,Honor,xiaomi,1,Honor 20s,mid_734766,Android 11.0,666,v2.1.132,icon,18,2020-06-14,2020-06-14 10:58:00,13808,4491,0,2020-06-14
26,Xiaomi,vivo,1,Xiaomi 10 Pro ,mid_266356,Android 11.0,935,v2.1.134,notice,5,2020-06-14,2020-06-14 10:58:00,11714,7836,4907,2020-06-14
15,iPhone,Appstore,0,iPhone X,mid_752640,iOS 13.3.1,119,v2.1.134,icon,15,2020-06-14,2020-06-14 10:58:00,5897,2365,0,2020-06-14
24,Huawei,web,0,Huawei P30,mid_860997,Android 11.0,978,v2.1.134,icon,19,2020-06-14,2020-06-14 10:58:00,10409,8452,6678,2020-06-14
1,iPhone,Appstore,1,iPhone Xs Max,mid_924530,iOS 13.2.3,197,v2.1.134,icon,15,2020-06-14,2020-06-14 10:58:01,2687,9826,3417,2020-06-14
1,Xiaomi,oppo,0,Xiaomi 10 Pro ,mid_766277,Android 11.0,974,v2.1.134,icon,5,2020-06-14,2020-06-14 10:58:01,19081,5009,3555,2020-06-14
24,Xiaomi,wandoujia,0,Xiaomi 9,mid_871147,Android 11.0,686,v2.1.134,icon,2,2020-06-14,2020-06-14 10:58:01,6578,1007,1000,2020-06-14
26,Huawei,oppo,0,Huawei P30,mid_774526,Android 10.0,425,v2.1.134,icon,8,2020-06-14,2020-06-14 10:58:01,13850,7956,2573,2020-06-14
1,iPhone,Appstore,1,iPhone X,mid_340499,iOS 13.2.9,837,v2.1.134,icon,14,2020-06-14,2020-06-14 10:58:01,3926,6217,0,2020-06-14
24,Xiaomi,xiaomi,0,Xiaomi Mix2 ,mid_179065,Android 11.0,27,v2.1.132,icon,5,2020-06-14,2020-06-14 10:58:01,10803,8178,2979,2020-06-14
24,iPhone,Appstore,0,iPhone Xs,mid_434692,iOS 13.2.3,800,v2.1.134,icon,18,2020-06-14,2020-06-14 10:58:02,9995,9270,0,2020-06-14
6,iPhone,Appstore,1,iPhone X,mid_161048,iOS 13.3.1,241,v2.1.134,notice,2,2020-06-14,2020-06-14 10:58:02,13386,4264,0,2020-06-14
1,Huawei,xiaomi,0,Huawei P30,mid_73035,Android 10.0,527,v2.1.134,notice,17,2020-06-14,2020-06-14 10:58:02,11694,8918,8165,2020-06-14
12,iPhone,Appstore,1,iPhone Xs,mid_313726,iOS 13.3.1,316,v2.1.132,notice,14,2020-06-14,2020-06-14 10:58:02,14577,8488,0,2020-06-14
1,Xiaomi,xiaomi,1,Xiaomi Mix2 ,mid_670474,Android 11.0,106,v2.1.134,icon,16,2020-06-14,2020-06-14 10:58:02,11388,9528,7375,2020-06-14
26,Xiaomi,oppo,0,Xiaomi Mix2 ,mid_222870,Android 11.0,128,v2.1.132,icon,14,2020-06-14,2020-06-14 10:58:03,2137,6319,3574,2020-06-14
1,Honor,vivo,1,Honor 20s,mid_911477,Android 9.0,792,v2.1.134,icon,10,2020-06-14,2020-06-14 10:58:03,19925,7687,5748,2020-06-14
6,iPhone,Appstore,0,iPhone X,mid_937376,iOS 13.3.1,507,v2.0.1,notice,7,2020-06-14,2020-06-14 10:58:03,7326,1963,0,2020-06-14
6,vivo,oppo,1,vivo iqoo3,mid_592216,Android 9.0,459,v2.1.132,icon,5,2020-06-14,2020-06-14 10:58:03,1852,3191,0,2020-06-14
26,Honor,huawei,1,Honor 20s,mid_356598,Android 10.0,753,v2.1.132,notice,14,2020-06-14,2020-06-14 10:58:03,18499,1304,0,2020-06-14
12,Xiaomi,xiaomi,0,Xiaomi 10 Pro ,mid_859073,Android 9.0,591,v2.1.132,icon,7,2020-06-14,2020-06-14 10:58:03,11026,6732,6122,2020-06-14
6,Xiaomi,web,0,Xiaomi 9,mid_805461,Android 11.0,400,v2.1.132,icon,13,2020-06-14,2020-06-14 10:58:03,9296,7977,0,2020-06-14
12,vivo,xiaomi,1,vivo iqoo3,mid_490278,Android 11.0,127,v2.1.134,icon,7,2020-06-14,2020-06-14 10:58:03,17730,9583,6672,2020-06-14
6,Xiaomi,oppo,0,Xiaomi 9,mid_588471,Android 8.1,81,v2.1.134,icon,2,2020-06-14,2020-06-14 10:58:03,16010,5774,2826,2020-06-14
1,iPhone,Appstore,1,iPhone 8,mid_350212,iOS 13.3.1,495,v2.1.134,icon,7,2020-06-14,2020-06-14 10:58:03,11135,5144,0,2020-06-14
13,Xiaomi,xiaomi,1,Xiaomi 9,mid_572513,Android 10.0,972,v2.1.132,icon,2,2020-06-14,2020-06-14 10:58:04,14603,9846,7371,2020-06-14
6,Xiaomi,360,0,Xiaomi 10 Pro ,mid_913092,Android 11.0,447,v2.1.134,icon,17,2020-06-14,2020-06-14 10:58:04,16050,9560,0,2020-06-14
1,Oneplus,xiaomi,1,Oneplus 7,mid_404809,Android 11.0,26,v2.1.134,notice,14,2020-06-14,2020-06-14 10:58:04,9361,7407,0,2020-06-14
15,Xiaomi,huawei,0,Xiaomi 10 Pro ,mid_10511,Android 11.0,38,v2.1.134,icon,8,2020-06-14,2020-06-14 10:58:04,18559,8955,0,2020-06-14
1,Xiaomi,web,0,Xiaomi 10 Pro ,mid_770456,Android 11.0,346,v2.1.134,icon,17,2020-06-14,2020-06-14 10:58:04,12470,5391,2899,2020-06-14
6,Huawei,web,1,Huawei P30,mid_222445,Android 11.0,782,v2.1.134,notice,11,2020-06-14,2020-06-14 10:58:05,10976,1164,1104,2020-06-14
6,Huawei,xiaomi,1,Huawei P30,mid_429285,Android 10.0,578,v2.1.132,icon,5,2020-06-14,2020-06-14 10:58:05,5847,9867,3185,2020-06-14
1,Xiaomi,xiaomi,0,Xiaomi 9,mid_811656,Android 10.0,858,v2.1.134,icon,9,2020-06-14,2020-06-14 10:58:05,9719,1691,0,2020-06-14
1,Huawei,xiaomi,0,Huawei Mate 30,mid_723133,Android 11.0,537,v2.1.134,icon,18,2020-06-14,2020-06-14 10:58:05,5106,3830,1022,2020-06-14
6,Xiaomi,xiaomi,1,Xiaomi 9,mid_256454,Android 11.0,434,v2.1.134,icon,2,2020-06-14,2020-06-14 10:58:05,5524,3676,2290,2020-06-14
1,Huawei,xiaomi,1,Huawei P30,mid_170887,Android 11.0,449,v2.1.111,icon,14,2020-06-14,2020-06-14 10:58:05,9772,7773,0,2020-06-14
15,iPhone,Appstore,0,iPhone X,mid_2997,iOS 13.2.9,452,v2.1.132,icon,11,2020-06-14,2020-06-14 10:58:05,14591,3808,3026,2020-06-14
15,Xiaomi,oppo,1,Xiaomi Mix2 ,mid_49530,Android 11.0,8,v2.1.134,icon,8,2020-06-14,2020-06-14 10:58:05,1117,4746,3791,2020-06-14
1,Xiaomi,web,0,Xiaomi 9,mid_338858,Android 8.1,886,v2.1.134,icon,16,2020-06-14,2020-06-14 10:58:06,15840,8484,2796,2020-06-14
1,iPhone,Appstore,0,iPhone 8,mid_331388,iOS 12.4.1,775,v2.1.134,icon,20,2020-06-14,2020-06-14 10:58:06,8242,7302,0,2020-06-14
26,Xiaomi,xiaomi,1,Xiaomi 10 Pro ,mid_297147,Android 11.0,153,v2.1.134,icon,3,2020-06-14,2020-06-14 10:58:06,15112,1126,0,2020-06-14
12,Xiaomi,xiaomi,1,Xiaomi 10 Pro ,mid_529623,Android 11.0,802,v2.1.134,icon,13,2020-06-14,2020-06-14 10:58:06,8384,5144,0,2020-06-14
6,Xiaomi,oppo,0,Xiaomi 9,mid_850292,Android 10.0,661,v2.1.134,icon,6,2020-06-14,2020-06-14 10:58:06,11549,7285,0,2020-06-14
26,Xiaomi,huawei,1,Xiaomi 9,mid_388015,Android 11.0,263,v2.1.132,icon,18,2020-06-14,2020-06-14 10:58:06,16198,6094,4859,2020-06-14
6,iPhone,Appstore,1,iPhone Xs,mid_739831,iOS 13.3.1,733,v2.1.134,icon,16,2020-06-14,2020-06-14 10:58:06,10921,6716,0,2020-06-14
1,Xiaomi,oppo,0,Xiaomi 10 Pro ,mid_68876,Android 11.0,648,v2.1.134,icon,1,2020-06-14,2020-06-14 10:58:07,4419,9912,3785,2020-06-14
24,Sumsung,xiaomi,1,Sumsung Galaxy S20,mid_512550,Android 11.0,445,v2.1.134,notice,2,2020-06-14,2020-06-14 10:58:07,7599,6968,6960,2020-06-14
1,Xiaomi,360,1,Xiaomi Mix2 ,mid_685366,Android 11.0,97,v2.1.134,icon,20,2020-06-14,2020-06-14 10:58:07,14951,7037,0,2020-06-14
15,iPhone,Appstore,1,iPhone Xs Max,mid_73498,iOS 13.3.1,45,v2.1.132,icon,2,2020-06-14,2020-06-14 10:58:07,2523,5349,3092,2020-06-14
6,iPhone,Appstore,1,iPhone X,mid_881029,iOS 13.3.1,67,v2.1.132,icon,2,2020-06-14,2020-06-14 10:58:07,12178,3737,1853,2020-06-14
26,Honor,oppo,1,Honor 20s,mid_128199,Android 11.0,577,v2.1.134,notice,10,2020-06-14,2020-06-14 10:58:08,9795,3956,0,2020-06-14
1,Oneplus,360,0,Oneplus 7,mid_978807,Android 10.0,854,v2.1.134,icon,20,2020-06-14,2020-06-14 10:58:03,13726,7820,1148,2020-06-14
26,Xiaomi,wandoujia,1,Xiaomi 9,mid_584431,Android 11.0,504,v2.1.134,icon,4,2020-06-14,2020-06-14 10:58:04,13789,7181,0,2020-06-14
1,Xiaomi,oppo,1,Xiaomi Mix2 ,mid_282399,Android 11.0,393,v2.1.132,icon,19,2020-06-14,2020-06-14 10:58:04,9981,2948,0,2020-06-14
1,Xiaomi,xiaomi,0,Xiaomi Mix2 ,mid_87553,Android 11.0,583,v2.1.132,icon,9,2020-06-14,2020-06-14 10:58:04,6734,9010,0,2020-06-14
15,iPhone,Appstore,1,iPhone X,mid_753096,iOS 13.2.9,947,v2.1.134,icon,15,2020-06-14,2020-06-14 10:58:04,8272,7718,2272,2020-06-14
24,Xiaomi,oppo,1,Xiaomi 10 Pro ,mid_643319,Android 11.0,559,v2.1.134,icon,10,2020-06-14,2020-06-14 10:58:04,9714,9659,1344,2020-06-14
6,Huawei,xiaomi,0,Huawei P30,mid_992788,Android 11.0,144,v2.1.132,icon,4,2020-06-14,2020-06-14 10:58:04,6124,5318,2901,2020-06-14
26,iPhone,Appstore,0,iPhone 8,mid_464646,iOS 13.3.1,303,v2.1.134,icon,6,2020-06-14,2020-06-14 10:58:05,1500,8628,0,2020-06-14
26,Xiaomi,360,0,Xiaomi 10 Pro ,mid_393930,Android 11.0,978,v2.1.134,icon,17,2020-06-14,2020-06-14 10:58:05,3296,5922,5873,2020-06-14
6,iPhone,Appstore,0,iPhone X,mid_685016,iOS 13.3.1,702,v2.1.132,notice,6,2020-06-14,2020-06-14 10:58:05,14474,6587,0,2020-06-14
24,Xiaomi,wandoujia,1,Xiaomi Mix2 ,mid_456101,Android 11.0,90,v2.1.132,icon,14,2020-06-14,2020-06-14 10:58:05,11759,6697,0,2020-06-14
1,iPhone,Appstore,1,iPhone Xs Max,mid_278655,iOS 13.2.3,626,v2.1.111,icon,20,2020-06-14,2020-06-14 10:58:05,13253,4365,0,2020-06-14
6,Xiaomi,xiaomi,0,Xiaomi 9,mid_426894,Android 9.0,573,v2.1.134,icon,13,2020-06-14,2020-06-14 10:58:05,10274,2815,1111,2020-06-14
26,Xiaomi,xiaomi,0,Xiaomi 9,mid_283918,Android 11.0,263,v2.1.134,icon,7,2020-06-14,2020-06-14 10:58:06,5507,6543,1421,2020-06-14
1,iPhone,Appstore,1,iPhone Xs Max,mid_167139,iOS 13.2.9,504,v2.1.134,icon,16,2020-06-14,2020-06-14 10:58:06,6575,3259,2720,2020-06-14
13,Xiaomi,oppo,1,Xiaomi Mix2 ,mid_423916,Android 10.0,489,v2.1.134,icon,1,2020-06-14,2020-06-14 10:58:06,11826,5176,1551,2020-06-14
24,Xiaomi,xiaomi,1,Xiaomi Mix2 ,mid_160600,Android 11.0,817,v2.1.134,icon,17,2020-06-14,2020-06-14 10:58:06,1537,2623,1739,2020-06-14
1,Redmi,xiaomi,0,Redmi k30,mid_358815,Android 11.0,912,v2.0.1,icon,15,2020-06-14,2020-06-14 10:58:06,19147,8414,0,2020-06-14
26,vivo,oppo,1,vivo iqoo3,mid_476136,Android 11.0,365,v2.0.1,icon,7,2020-06-14,2020-06-14 10:58:06,4005,8127,0,2020-06-14
26,Huawei,xiaomi,0,Huawei Mate 30,mid_848372,Android 9.0,826,v2.1.134,notice,3,2020-06-14,2020-06-14 10:58:06,1843,8475,0,2020-06-14
6,iPhone,Appstore,0,iPhone X,mid_989803,iOS 13.2.9,729,v2.1.132,icon,14,2020-06-14,2020-06-14 10:58:06,16483,8935,0,2020-06-14
1,Huawei,oppo,0,Huawei Mate 30,mid_396865,Android 10.0,882,v2.1.134,icon,11,2020-06-14,2020-06-14 10:58:06,15180,3176,0,2020-06-14
1,Xiaomi,wandoujia,0,Xiaomi Mix2 ,mid_406739,Android 11.0,838,v2.1.134,icon,12,2020-06-14,2020-06-14 10:58:06,19960,9006,6619,2020-06-14
6,Redmi,oppo,0,Redmi k30,mid_587275,Android 11.0,198,v2.1.132,icon,6,2020-06-14,2020-06-14 10:58:07,8293,9156,6687,2020-06-14
13,iPhone,Appstore,1,iPhone X,mid_52195,iOS 13.2.3,531,v2.1.134,icon,6,2020-06-14,2020-06-14 10:58:07,3983,8192,0,2020-06-14
6,iPhone,Appstore,1,iPhone 8,mid_6625,iOS 13.3.1,283,v2.1.134,icon,20,2020-06-14,2020-06-14 10:58:07,19569,7841,4515,2020-06-14
26,iPhone,Appstore,1,iPhone Xs Max,mid_628379,iOS 13.2.3,173,v2.1.134,icon,18,2020-06-14,2020-06-14 10:58:07,17934,9765,3538,2020-06-14
1,vivo,vivo,0,vivo iqoo3,mid_237135,Android 11.0,10,v2.1.134,notice,1,2020-06-14,2020-06-14 10:58:07,14013,4507,1660,2020-06-14
1,Huawei,xiaomi,0,Huawei Mate 30,mid_493818,Android 11.0,571,v2.1.134,icon,12,2020-06-14,2020-06-14 10:58:07,7276,3998,1044,2020-06-14
12,iPhone,Appstore,0,iPhone Xs,mid_699098,iOS 13.3.1,570,v2.1.134,icon,15,2020-06-14,2020-06-14 10:58:08,16954,8516,0,2020-06-14
12,Xiaomi,web,0,Xiaomi 10 Pro ,mid_695665,Android 11.0,965,v2.1.111,icon,14,2020-06-14,2020-06-14 10:58:08,8323,6484,0,2020-06-14
1,Redmi,wandoujia,1,Redmi k30,mid_713384,Android 8.1,476,v2.1.134,notice,16,2020-06-14,2020-06-14 10:58:08,16637,9270,0,2020-06-14
26,Redmi,web,0,Redmi k30,mid_145732,Android 11.0,814,v2.1.134,icon,1,2020-06-14,2020-06-14 10:58:08,10686,4667,0,2020-06-14
1,iPhone,Appstore,0,iPhone Xs,mid_755931,iOS 13.3.1,63,v2.1.134,icon,6,2020-06-14,2020-06-14 10:58:08,9826,3384,2983,2020-06-14
6,vivo,huawei,1,vivo iqoo3,mid_14568,Android 11.0,850,v2.1.134,icon,9,2020-06-14,2020-06-14 10:58:08,6172,8712,2682,2020-06-14
26,Xiaomi,web,1,Xiaomi 10 Pro ,mid_869604,Android 10.0,826,v2.1.134,icon,7,2020-06-14,2020-06-14 10:58:08,4359,4337,0,2020-06-14
24,Sumsung,oppo,0,Sumsung Galaxy S20,mid_215460,Android 11.0,194,v2.1.134,icon,7,2020-06-14,2020-06-14 10:58:08,17961,1641,1526,2020-06-14
1,iPhone,Appstore,0,iPhone 8,mid_828472,iOS 13.3.1,974,v2.1.134,icon,6,2020-06-14,2020-06-14 10:58:08,16569,6606,5800,2020-06-14
15,Xiaomi,wandoujia,0,Xiaomi 10 Pro ,mid_233475,Android 9.0,497,v2.1.132,icon,13,2020-06-14,2020-06-14 10:58:08,14694,9615,0,2020-06-14
15,Xiaomi,wandoujia,0,Xiaomi Mix2 ,mid_477957,Android 11.0,578,v2.1.132,notice,2,2020-06-14,2020-06-14 10:58:09,15580,4268,0,2020-06-14
15,Oneplus,xiaomi,0,Oneplus 7,mid_264820,Android 11.0,381,v2.1.132,icon,1,2020-06-14,2020-06-14 10:58:09,8847,1943,0,2020-06-14
24,iPhone,Appstore,1,iPhone 8,mid_776507,iOS 13.3.1,484,v2.1.111,install,8,2020-06-14,2020-06-14 10:58:09,1764,7006,0,2020-06-14
33,Xiaomi,xiaomi,0,Xiaomi 10 Pro ,mid_713714,Android 8.1,639,v2.1.134,icon,5,2020-06-14,2020-06-14 10:58:09,12564,9024,4407,2020-06-14
12,Redmi,xiaomi,0,Redmi k30,mid_511868,Android 11.0,93,v2.1.111,icon,5,2020-06-14,2020-06-14 10:58:09,15042,1423,0,2020-06-14
15,Xiaomi,oppo,0,Xiaomi 10 Pro ,mid_853715,Android 10.0,993,v2.1.134,icon,20,2020-06-14,2020-06-14 10:58:10,18831,3062,0,2020-06-14
12,Redmi,wandoujia,1,Redmi k30,mid_254841,Android 11.0,592,v2.1.134,notice,16,2020-06-14,2020-06-14 10:58:10,1999,3321,1015,2020-06-14
26,vivo,360,0,vivo iqoo3,mid_575214,Android 9.0,428,v2.1.134,icon,5,2020-06-14,2020-06-14 10:58:10,16628,3461,0,2020-06-14
6,Xiaomi,wandoujia,1,Xiaomi 10 Pro ,mid_257925,Android 11.0,272,v2.1.134,icon,9,2020-06-14,2020-06-14 10:58:10,10405,6688,4695,2020-06-14
6,Xiaomi,xiaomi,1,Xiaomi 9,mid_842303,Android 11.0,418,v2.1.134,install,9,2020-06-14,2020-06-14 10:58:10,10256,7075,5030,2020-06-14
1,vivo,oppo,0,vivo iqoo3,mid_975700,Android 11.0,290,v2.1.132,icon,9,2020-06-14,2020-06-14 10:58:10,10514,2894,0,2020-06-14
26,Redmi,oppo,0,Redmi k30,mid_557057,Android 11.0,237,v2.1.134,icon,15,2020-06-14,2020-06-14 10:58:10,17917,2935,0,2020-06-14
26,Xiaomi,oppo,0,Xiaomi 10 Pro ,mid_511558,Android 10.0,169,v2.1.134,icon,18,2020-06-14,2020-06-14 10:58:11,11556,4141,0,2020-06-14
12,iPhone,Appstore,1,iPhone X,mid_515485,iOS 12.4.1,502,v2.1.134,icon,11,2020-06-14,2020-06-14 10:58:11,1380,6020,0,2020-06-14
6,iPhone,Appstore,1,iPhone 8,mid_694565,iOS 13.3.1,515,v2.1.134,icon,12,2020-06-14,2020-06-14 10:58:11,6850,6876,0,2020-06-14
15,Huawei,oppo,0,Huawei Mate 30,mid_907210,Android 8.1,852,v2.1.132,icon,5,2020-06-14,2020-06-14 10:58:11,7727,9529,0,2020-06-14
1,Honor,xiaomi,0,Honor 20s,mid_721760,Android 9.0,543,v2.1.134,icon,10,2020-06-14,2020-06-14 10:58:11,13936,6982,6655,2020-06-14
1,Xiaomi,wandoujia,0,Xiaomi 9,mid_821297,Android 11.0,958,v2.1.134,icon,14,2020-06-14,2020-06-14 10:58:11,14779,5953,2520,2020-06-14
26,Xiaomi,oppo,0,Xiaomi 10 Pro ,mid_625994,Android 10.0,403,v2.1.134,icon,19,2020-06-14,2020-06-14 10:58:11,18999,7130,0,2020-06-14
6,iPhone,Appstore,0,iPhone 8,mid_283635,iOS 13.2.9,434,v2.1.134,icon,19,2020-06-14,2020-06-14 10:58:12,19548,2826,1806,2020-06-14
33,Redmi,oppo,0,Redmi k30,mid_634679,Android 11.0,294,v2.1.134,icon,16,2020-06-14,2020-06-14 10:58:12,6579,5956,0,2020-06-14
33,iPhone,Appstore,1,iPhone Xs,mid_440417,iOS 13.3.1,322,v2.1.134,notice,3,2020-06-14,2020-06-14 10:58:12,3082,6191,0,2020-06-14
15,vivo,vivo,1,vivo iqoo3,mid_198722,Android 10.0,632,v2.1.134,icon,6,2020-06-14,2020-06-14 10:58:12,18151,1208,1001,2020-06-14
24,vivo,oppo,1,vivo iqoo3,mid_82292,Android 11.0,446,v2.1.132,icon,17,2020-06-14,2020-06-14 10:58:12,9223,6105,3949,2020-06-14
6,iPhone,Appstore,1,iPhone 8,mid_425564,iOS 13.3.1,242,v2.1.134,icon,10,2020-06-14,2020-06-14 10:58:12,9138,8575,0,2020-06-14
12,Xiaomi,xiaomi,0,Xiaomi 9,mid_618742,Android 11.0,333,v2.1.134,notice,10,2020-06-14,2020-06-14 10:58:12,7621,1590,1277,2020-06-14
1,Xiaomi,web,1,Xiaomi Mix2 ,mid_955794,Android 10.0,843,v2.1.111,icon,1,2020-06-14,2020-06-14 10:58:12,2870,5563,0,2020-06-14
33,Xiaomi,xiaomi,0,Xiaomi 9,mid_819184,Android 11.0,796,v2.1.134,icon,20,2020-06-14,2020-06-14 10:58:08,5769,4441,0,2020-06-14
1,Xiaomi,xiaomi,0,Xiaomi Mix2 ,mid_466033,Android 11.0,178,v2.1.132,icon,4,2020-06-14,2020-06-14 10:58:09,11470,8322,0,2020-06-14
1,vivo,xiaomi,0,vivo iqoo3,mid_366705,Android 11.0,577,v2.1.134,icon,10,2020-06-14,2020-06-14 10:58:09,2199,5424,1580,2020-06-14
24,Xiaomi,xiaomi,0,Xiaomi 10 Pro ,mid_167841,Android 11.0,247,v2.1.111,notice,10,2020-06-14,2020-06-14 10:58:09,1725,4411,1681,2020-06-14
15,iPhone,Appstore,0,iPhone Xs,mid_184672,iOS 13.3.1,885,v2.1.134,icon,6,2020-06-14,2020-06-14 10:58:09,16806,3646,1277,2020-06-14
13,iPhone,Appstore,0,iPhone X,mid_677986,iOS 13.3.1,227,v2.1.134,icon,20,2020-06-14,2020-06-14 10:58:10,3005,4803,3268,2020-06-14
1,Xiaomi,huawei,1,Xiaomi 10 Pro ,mid_388991,Android 11.0,312,v2.1.134,icon,10,2020-06-14,2020-06-14 10:58:10,15955,7953,0,2020-06-14
26,Xiaomi,xiaomi,1,Xiaomi 10 Pro ,mid_150388,Android 11.0,549,v2.1.134,notice,10,2020-06-14,2020-06-14 10:58:10,1822,2397,0,2020-06-14
1,Huawei,oppo,0,Huawei P30,mid_484460,Android 11.0,687,v2.1.132,icon,19,2020-06-14,2020-06-14 10:58:10,17145,2931,0,2020-06-14
15,Xiaomi,360,1,Xiaomi 9,mid_231033,Android 11.0,589,v2.1.134,icon,2,2020-06-14,2020-06-14 10:58:10,18793,5462,0,2020-06-14
15,Xiaomi,oppo,1,Xiaomi Mix2 ,mid_123682,Android 11.0,270,v2.1.134,notice,19,2020-06-14,2020-06-14 10:58:10,19174,7535,0,2020-06-14
12,Xiaomi,xiaomi,1,Xiaomi Mix2 ,mid_993425,Android 11.0,957,v2.1.134,notice,2,2020-06-14,2020-06-14 10:58:10,14180,1670,0,2020-06-14
1,Xiaomi,oppo,0,Xiaomi 9,mid_667358,Android 10.0,891,v2.1.134,notice,11,2020-06-14,2020-06-14 10:58:10,19632,2516,0,2020-06-14
15,Xiaomi,xiaomi,0,Xiaomi 10 Pro ,mid_378576,Android 10.0,913,v2.0.1,icon,15,2020-06-14,2020-06-14 10:58:11,15593,1313,1144,2020-06-14
24,Xiaomi,wandoujia,0,Xiaomi 9,mid_804087,Android 11.0,335,v2.1.111,icon,14,2020-06-14,2020-06-14 10:58:11,6645,1991,0,2020-06-14
13,Xiaomi,web,0,Xiaomi 9,mid_89929,Android 11.0,316,v2.1.134,icon,4,2020-06-14,2020-06-14 10:58:11,10313,9352,0,2020-06-14
12,Xiaomi,xiaomi,1,Xiaomi 10 Pro ,mid_11028,Android 11.0,620,v2.1.134,icon,19,2020-06-14,2020-06-14 10:58:11,17261,3989,0,2020-06-14
1,Xiaomi,wandoujia,1,Xiaomi 9,mid_199586,Android 11.0,362,v2.1.132,icon,15,2020-06-14,2020-06-14 10:58:11,17930,9042,3721,2020-06-14
1,Xiaomi,oppo,1,Xiaomi 9,mid_247809,Android 10.0,118,v2.1.134,notice,13,2020-06-14,2020-06-14 10:58:11,14689,1673,0,2020-06-14
26,vivo,xiaomi,1,vivo iqoo3,mid_266408,Android 11.0,682,v2.1.134,icon,20,2020-06-14,2020-06-14 10:58:12,1632,2035,1100,2020-06-14
6,Xiaomi,xiaomi,0,Xiaomi 9,mid_38556,Android 10.0,881,v2.1.111,notice,12,2020-06-14,2020-06-14 10:58:12,6774,9073,3346,2020-06-14
13,iPhone,Appstore,0,iPhone Xs Max,mid_292601,iOS 13.3.1,702,v2.1.134,notice,13,2020-06-14,2020-06-14 10:58:12,15131,8338,4971,2020-06-14
15,Huawei,360,0,Huawei P30,mid_980402,Android 11.0,77,v2.1.134,icon,19,2020-06-14,2020-06-14 10:58:12,17884,3078,0,2020-06-14
6,vivo,oppo,0,vivo iqoo3,mid_353733,Android 11.0,452,v2.1.134,icon,18,2020-06-14,2020-06-14 10:58:12,12338,6043,0,2020-06-14
33,Honor,oppo,0,Honor 20s,mid_681077,Android 11.0,512,v2.1.134,icon,3,2020-06-14,2020-06-14 10:58:13,5144,6139,4061,2020-06-14
15,iPhone,Appstore,1,iPhone 8,mid_643897,iOS 13.3.1,703,v2.1.111,icon,11,2020-06-14,2020-06-14 10:58:13,1183,4531,1502,2020-06-14
1,Xiaomi,wandoujia,0,Xiaomi Mix2 ,mid_322915,Android 11.0,844,v2.1.134,icon,8,2020-06-14,2020-06-14 10:58:13,6903,2633,0,2020-06-14
15,iPhone,Appstore,0,iPhone Xs,mid_191990,iOS 13.3.1,174,v2.1.134,icon,15,2020-06-14,2020-06-14 10:58:13,18896,2719,0,2020-06-14
12,Xiaomi,web,0,Xiaomi 10 Pro ,mid_763219,Android 11.0,576,v2.1.132,icon,11,2020-06-14,2020-06-14 10:58:13,9670,2657,2593,2020-06-14
26,iPhone,Appstore,1,iPhone Xs,mid_363179,iOS 13.2.9,113,v2.1.111,icon,14,2020-06-14,2020-06-14 10:58:13,10335,4161,0,2020-06-14
1,iPhone,Appstore,1,iPhone 8,mid_477127,iOS 13.3.1,242,v2.1.134,icon,17,2020-06-14,2020-06-14 10:58:13,12212,2793,1092,2020-06-14
6,Xiaomi,oppo,0,Xiaomi 10 Pro ,mid_627113,Android 11.0,372,v2.1.111,notice,17,2020-06-14,2020-06-14 10:58:13,16597,1591,0,2020-06-14
33,iPhone,Appstore,0,iPhone Xs Max,mid_810380,iOS 13.2.9,17,v2.1.132,icon,20,2020-06-14,2020-06-14 10:58:13,10395,6118,3753,2020-06-14
26,iPhone,Appstore,1,iPhone 8,mid_527572,iOS 13.2.3,952,v2.1.132,icon,14,2020-06-14,2020-06-14 10:58:13,12042,1134,0,2020-06-14
33,Xiaomi,vivo,1,Xiaomi 10 Pro ,mid_886240,Android 11.0,13,v2.1.134,notice,16,2020-06-14,2020-06-14 10:58:13,7991,7674,7479,2020-06-14
1,Huawei,wandoujia,1,Huawei Mate 30,mid_86511,Android 11.0,11,v2.1.134,icon,10,2020-06-14,2020-06-14 10:58:13,6256,2596,1119,2020-06-14
26,iPhone,Appstore,1,iPhone Xs,mid_827610,iOS 13.2.3,298,v2.1.134,icon,14,2020-06-14,2020-06-14 10:58:13,13097,3105,1853,2020-06-14
1,iPhone,Appstore,0,iPhone Xs Max,mid_782870,iOS 13.3.1,68,v2.1.134,icon,12,2020-06-14,2020-06-14 10:58:13,19667,1970,0,2020-06-14
6,Honor,xiaomi,0,Honor 20s,mid_227439,Android 11.0,595,v2.1.134,icon,15,2020-06-14,2020-06-14 10:58:14,14471,3139,0,2020-06-14
24,iPhone,Appstore,0,iPhone X,mid_129051,iOS 13.2.3,993,v2.1.132,icon,15,2020-06-14,2020-06-14 10:58:14,15265,3191,0,2020-06-14
26,Xiaomi,oppo,1,Xiaomi Mix2 ,mid_166464,Android 10.0,346,v2.1.134,icon,20,2020-06-14,2020-06-14 10:58:14,18219,2748,0,2020-06-14
1,Honor,web,0,Honor 20s,mid_714743,Android 11.0,72,v2.1.134,icon,6,2020-06-14,2020-06-14 10:58:14,12419,8336,0,2020-06-14
6,Xiaomi,xiaomi,1,Xiaomi Mix2 ,mid_37784,Android 11.0,948,v2.1.134,install,9,2020-06-14,2020-06-14 10:58:14,11724,4774,0,2020-06-14
15,Xiaomi,oppo,1,Xiaomi Mix2 ,mid_842896,Android 10.0,981,v2.0.1,notice,4,2020-06-14,2020-06-14 10:58:14,12495,4366,0,2020-06-14
1,Huawei,xiaomi,0,Huawei P30,mid_187696,Android 11.0,145,v2.1.132,notice,19,2020-06-14,2020-06-14 10:58:15,13512,1162,1002,2020-06-14
6,iPhone,Appstore,0,iPhone 8,mid_948589,iOS 13.2.9,862,v2.1.134,icon,14,2020-06-14,2020-06-14 10:58:15,18367,6910,0,2020-06-14
1,Xiaomi,oppo,0,Xiaomi 9,mid_277858,Android 11.0,934,v2.1.134,icon,11,2020-06-14,2020-06-14 10:58:15,2934,9121,6309,2020-06-14
6,Huawei,web,1,Huawei Mate 30,mid_635512,Android 11.0,66,v2.1.134,icon,10,2020-06-14,2020-06-14 10:58:15,4362,9695,3754,2020-06-14
26,Xiaomi,wandoujia,0,Xiaomi 9,mid_112097,Android 8.1,284,v2.1.134,icon,11,2020-06-14,2020-06-14 10:58:15,11135,4867,4548,2020-06-14
24,Xiaomi,xiaomi,0,Xiaomi Mix2 ,mid_379510,Android 11.0,138,v2.1.134,icon,17,2020-06-14,2020-06-14 10:58:16,8883,1845,1336,2020-06-14
1,vivo,oppo,1,vivo iqoo3,mid_834048,Android 11.0,826,v2.1.134,icon,3,2020-06-14,2020-06-14 10:58:16,7113,6419,4233,2020-06-14
1,Oneplus,vivo,0,Oneplus 7,mid_262094,Android 11.0,899,v2.1.132,icon,10,2020-06-14,2020-06-14 10:58:16,2809,5198,4283,2020-06-14
6,Xiaomi,vivo,1,Xiaomi 10 Pro ,mid_67386,Android 10.0,816,v2.1.132,icon,4,2020-06-14,2020-06-14 10:58:16,15752,6243,3849,2020-06-14
1,Huawei,vivo,0,Huawei Mate 30,mid_496845,Android 11.0,691,v2.1.134,icon,1,2020-06-14,2020-06-14 10:58:16,17181,7465,0,2020-06-14
26,Xiaomi,oppo,1,Xiaomi Mix2 ,mid_909430,Android 11.0,435,v2.1.134,notice,11,2020-06-14,2020-06-14 10:58:16,7365,9235,2774,2020-06-14
1,iPhone,Appstore,0,iPhone Xs Max,mid_927895,iOS 13.3.1,766,v2.1.134,install,10,2020-06-14,2020-06-14 10:58:17,5243,7480,2639,2020-06-14
15,iPhone,Appstore,0,iPhone 8,mid_658232,iOS 13.3.1,318,v2.1.134,icon,10,2020-06-14,2020-06-14 10:58:17,19444,2494,2011,2020-06-14
6,Honor,oppo,0,Honor 20s,mid_383672,Android 11.0,688,v2.1.111,icon,12,2020-06-14,2020-06-14 10:58:17,7295,8009,0,2020-06-14
1,iPhone,Appstore,1,iPhone X,mid_385109,iOS 12.4.1,73,v2.1.134,icon,17,2020-06-14,2020-06-14 10:58:17,17563,8610,0,2020-06-14
26,Oneplus,xiaomi,0,Oneplus 7,mid_961722,Android 11.0,13,v2.1.134,icon,9,2020-06-14,2020-06-14 10:58:17,18919,6263,4202,2020-06-14
1,iPhone,Appstore,1,iPhone Xs Max,mid_63995,iOS 13.2.9,237,v2.1.132,icon,16,2020-06-14,2020-06-14 10:58:17,15364,7705,0,2020-06-14
1,Xiaomi,oppo,1,Xiaomi Mix2 ,mid_508054,Android 11.0,561,v2.1.134,icon,13,2020-06-14,2020-06-14 10:58:17,17496,4516,1162,2020-06-14
12,Sumsung,xiaomi,0,Sumsung Galaxy S20,mid_836432,Android 11.0,387,v2.1.134,icon,6,2020-06-14,2020-06-14 10:58:17,1210,1389,1073,2020-06-14
1,Xiaomi,web,0,Xiaomi Mix2 ,mid_427167,Android 11.0,4,v2.1.134,icon,14,2020-06-14,2020-06-14 10:58:18,3303,5378,1900,2020-06-14
15,Xiaomi,web,1,Xiaomi Mix2 ,mid_368792,Android 11.0,337,v2.1.132,notice,3,2020-06-14,2020-06-14 10:58:14,5017,9262,0,2020-06-14
26,iPhone,Appstore,0,iPhone 8,mid_15202,iOS 13.2.3,152,v2.1.134,icon,17,2020-06-14,2020-06-14 10:58:14,3004,2847,2093,2020-06-14
1,iPhone,Appstore,1,iPhone Xs,mid_285818,iOS 13.2.9,801,v2.1.134,notice,2,2020-06-14,2020-06-14 10:58:14,16224,8803,0,2020-06-14
1,Huawei,oppo,0,Huawei P30,mid_364886,Android 11.0,85,v2.1.134,icon,10,2020-06-14,2020-06-14 10:58:14,15722,3503,0,2020-06-14
26,Xiaomi,oppo,0,Xiaomi Mix2 ,mid_81367,Android 8.1,874,v2.1.134,icon,5,2020-06-14,2020-06-14 10:58:14,1835,8086,6864,2020-06-14
33,iPhone,Appstore,1,iPhone 8,mid_60124,iOS 13.3.1,80,v2.1.132,notice,16,2020-06-14,2020-06-14 10:58:14,13290,6199,0,2020-06-14
6,iPhone,Appstore,1,iPhone Xs Max,mid_860390,iOS 13.2.9,9,v2.1.132,icon,13,2020-06-14,2020-06-14 10:58:15,1014,6596,2858,2020-06-14
12,Xiaomi,wandoujia,0,Xiaomi 10 Pro ,mid_930962,Android 10.0,190,v2.1.134,icon,20,2020-06-14,2020-06-14 10:58:15,2965,2613,1514,2020-06-14
1,Oneplus,xiaomi,0,Oneplus 7,mid_593748,Android 11.0,783,v2.1.134,notice,18,2020-06-14,2020-06-14 10:58:15,14204,7591,4420,2020-06-14
6,vivo,xiaomi,0,vivo iqoo3,mid_40794,Android 11.0,684,v2.1.134,icon,12,2020-06-14,2020-06-14 10:58:15,4791,7266,0,2020-06-14
33,Xiaomi,wandoujia,0,Xiaomi 10 Pro ,mid_947547,Android 11.0,876,v2.1.134,icon,5,2020-06-14,2020-06-14 10:58:15,17368,1307,0,2020-06-14
6,iPhone,Appstore,1,iPhone Xs Max,mid_812530,iOS 13.2.3,680,v2.1.132,icon,9,2020-06-14,2020-06-14 10:58:15,9164,8125,0,2020-06-14
12,iPhone,Appstore,0,iPhone Xs Max,mid_120348,iOS 13.3.1,2,v2.1.132,icon,8,2020-06-14,2020-06-14 10:58:15,8894,2560,0,2020-06-14
6,iPhone,Appstore,1,iPhone Xs Max,mid_663869,iOS 13.2.9,745,v2.1.134,icon,12,2020-06-14,2020-06-14 10:58:15,9852,8827,0,2020-06-14
1,iPhone,Appstore,0,iPhone X,mid_900480,iOS 13.3.1,477,v2.1.134,install,5,2020-06-14,2020-06-14 10:58:16,11029,6118,0,2020-06-14
15,Huawei,oppo,0,Huawei P30,mid_740318,Android 11.0,461,v2.1.134,icon,6,2020-06-14,2020-06-14 10:58:16,5387,7271,0,2020-06-14
12,Xiaomi,oppo,0,Xiaomi 9,mid_741970,Android 8.1,97,v2.1.134,icon,8,2020-06-14,2020-06-14 10:58:16,19181,8393,6763,2020-06-14
26,Xiaomi,huawei,1,Xiaomi 9,mid_389448,Android 11.0,310,v2.1.134,icon,2,2020-06-14,2020-06-14 10:58:16,2295,4372,4016,2020-06-14
26,iPhone,Appstore,1,iPhone 8,mid_49943,iOS 13.3.1,43,v2.1.134,icon,4,2020-06-14,2020-06-14 10:58:16,19738,6217,4836,2020-06-14
6,iPhone,Appstore,0,iPhone X,mid_567149,iOS 13.3.1,111,v2.1.132,icon,19,2020-06-14,2020-06-14 10:58:16,9406,7552,0,2020-06-14
1,Xiaomi,oppo,1,Xiaomi Mix2 ,mid_642376,Android 10.0,658,v2.1.134,icon,19,2020-06-14,2020-06-14 10:58:17,17546,5223,0,2020-06-14
1,iPhone,Appstore,1,iPhone Xs Max,mid_6116,iOS 13.3.1,516,v2.1.134,icon,18,2020-06-14,2020-06-14 10:58:17,4900,9376,1781,2020-06-14
24,Xiaomi,wandoujia,0,Xiaomi 10 Pro ,mid_906849,Android 10.0,137,v2.1.134,icon,9,2020-06-14,2020-06-14 10:58:17,14754,4642,2228,2020-06-14
1,iPhone,Appstore,1,iPhone Xs Max,mid_300061,iOS 13.2.9,253,v2.1.134,icon,9,2020-06-14,2020-06-14 10:58:17,16565,6123,2175,2020-06-14
12,Oneplus,wandoujia,1,Oneplus 7,mid_632934,Android 11.0,33,v2.1.134,icon,20,2020-06-14,2020-06-14 10:58:18,17915,5578,0,2020-06-14
26,Xiaomi,xiaomi,0,Xiaomi Mix2 ,mid_220913,Android 11.0,64,v2.1.134,icon,18,2020-06-14,2020-06-14 10:58:18,9168,1269,1149,2020-06-14
15,Oneplus,web,0,Oneplus 7,mid_348869,Android 11.0,259,v2.1.134,notice,20,2020-06-14,2020-06-14 10:58:18,5955,6226,0,2020-06-14
1,iPhone,Appstore,0,iPhone X,mid_308385,iOS 13.3.1,5,v2.1.132,icon,15,2020-06-14,2020-06-14 10:58:18,6586,7697,1416,2020-06-14
12,iPhone,Appstore,1,iPhone X,mid_892162,iOS 13.3.1,648,v2.1.134,notice,14,2020-06-14,2020-06-14 10:58:18,3656,9103,7336,2020-06-14
13,iPhone,Appstore,1,iPhone X,mid_23052,iOS 13.2.9,352,v2.1.134,icon,6,2020-06-14,2020-06-14 10:58:18,19183,5051,3585,2020-06-14
24,Xiaomi,360,0,Xiaomi 9,mid_681011,Android 8.1,733,v2.1.134,icon,15,2020-06-14,2020-06-14 10:58:18,15334,9026,0,2020-06-14
26,Oneplus,oppo,1,Oneplus 7,mid_750569,Android 9.0,597,v2.1.134,icon,19,2020-06-14,2020-06-14 10:58:18,13188,4635,0,2020-06-14
12,Xiaomi,xiaomi,0,Xiaomi 10 Pro ,mid_865156,Android 10.0,491,v2.1.132,icon,19,2020-06-14,2020-06-14 10:58:18,3148,2392,1923,2020-06-14
1,Xiaomi,wandoujia,0,Xiaomi Mix2 ,mid_31165,Android 11.0,132,v2.1.132,icon,9,2020-06-14,2020-06-14 10:58:18,13084,8393,0,2020-06-14
33,iPhone,Appstore,0,iPhone X,mid_824664,iOS 13.3.1,884,v2.1.134,notice,11,2020-06-14,2020-06-14 10:58:18,7282,8805,1004,2020-06-14
26,Xiaomi,xiaomi,1,Xiaomi 9,mid_644984,Android 11.0,420,v2.1.134,icon,15,2020-06-14,2020-06-14 10:58:18,6275,2320,1102,2020-06-14
6,Huawei,vivo,0,Huawei Mate 30,mid_786210,Android 11.0,533,v2.1.134,icon,3,2020-06-14,2020-06-14 10:58:19,6153,5279,3045,2020-06-14
13,Oneplus,huawei,1,Oneplus 7,mid_182409,Android 8.1,364,v2.1.132,icon,20,2020-06-14,2020-06-14 10:58:19,15403,6663,0,2020-06-14
1,iPhone,Appstore,1,iPhone Xs Max,mid_495031,iOS 13.2.3,409,v2.1.134,icon,15,2020-06-14,2020-06-14 10:58:19,13097,9888,0,2020-06-14
26,iPhone,Appstore,0,iPhone X,mid_69587,iOS 12.4.1,419,v2.1.132,icon,1,2020-06-14,2020-06-14 10:58:19,16314,6223,4801,2020-06-14
12,Xiaomi,wandoujia,1,Xiaomi 10 Pro ,mid_138575,Android 11.0,54,v2.1.134,icon,5,2020-06-14,2020-06-14 10:58:19,18693,1200,0,2020-06-14
26,Xiaomi,xiaomi,1,Xiaomi 9,mid_802469,Android 11.0,645,v2.0.1,icon,8,2020-06-14,2020-06-14 10:58:20,16591,3878,0,2020-06-14
33,iPhone,Appstore,0,iPhone Xs,mid_567781,iOS 13.3.1,46,v2.1.134,icon,6,2020-06-14,2020-06-14 10:58:20,13884,8426,1468,2020-06-14
26,Xiaomi,huawei,1,Xiaomi Mix2 ,mid_946143,Android 11.0,846,v2.1.134,icon,4,2020-06-14,2020-06-14 10:58:20,10892,9159,0,2020-06-14
24,Huawei,huawei,1,Huawei Mate 30,mid_785268,Android 10.0,24,v2.1.134,notice,12,2020-06-14,2020-06-14 10:58:20,4897,3421,1901,2020-06-14
15,iPhone,Appstore,1,iPhone 8,mid_734125,iOS 13.3.1,734,v2.1.132,icon,6,2020-06-14,2020-06-14 10:58:20,1049,9773,0,2020-06-14
12,Xiaomi,xiaomi,1,Xiaomi 9,mid_458694,Android 11.0,155,v2.1.134,notice,4,2020-06-14,2020-06-14 10:58:20,12767,5009,0,2020-06-14
1,Oneplus,xiaomi,1,Oneplus 7,mid_614796,Android 10.0,445,v2.1.134,icon,19,2020-06-14,2020-06-14 10:58:20,12486,9863,7585,2020-06-14
15,iPhone,Appstore,0,iPhone Xs,mid_249808,iOS 13.2.3,795,v2.1.134,icon,16,2020-06-14,2020-06-14 10:58:20,1122,2598,2071,2020-06-14
13,Xiaomi,wandoujia,0,Xiaomi 9,mid_223928,Android 11.0,685,v2.1.134,icon,20,2020-06-14,2020-06-14 10:58:21,16350,9713,0,2020-06-14
1,Xiaomi,xiaomi,1,Xiaomi 9,mid_200292,Android 10.0,733,v2.1.134,icon,18,2020-06-14,2020-06-14 10:58:21,1313,7982,0,2020-06-14
26,iPhone,Appstore,0,iPhone X,mid_726758,iOS 13.3.1,444,v2.1.134,icon,5,2020-06-14,2020-06-14 10:58:21,19908,3111,0,2020-06-14
1,Xiaomi,oppo,0,Xiaomi 9,mid_941313,Android 11.0,577,v2.1.134,icon,10,2020-06-14,2020-06-14 10:58:21,10741,3704,0,2020-06-14
15,vivo,oppo,0,vivo iqoo3,mid_952217,Android 10.0,610,v2.1.132,icon,1,2020-06-14,2020-06-14 10:58:21,9977,1554,0,2020-06-14
6,Xiaomi,xiaomi,0,Xiaomi 10 Pro ,mid_835022,Android 10.0,390,v2.1.134,icon,14,2020-06-14,2020-06-14 10:58:22,18791,4658,0,2020-06-14
33,iPhone,Appstore,0,iPhone X,mid_269442,iOS 13.3.1,484,v2.1.111,notice,19,2020-06-14,2020-06-14 10:58:22,5812,6431,1224,2020-06-14
1,Honor,oppo,1,Honor 20s,mid_356652,Android 11.0,377,v2.1.134,icon,4,2020-06-14,2020-06-14 10:58:22,5730,8599,4521,2020-06-14
6,Xiaomi,xiaomi,1,Xiaomi 10 Pro ,mid_574129,Android 11.0,695,v2.1.134,icon,14,2020-06-14,2020-06-14 10:58:22,9192,6630,5117,2020-06-14
12,Huawei,xiaomi,1,Huawei Mate 30,mid_248267,Android 11.0,702,v2.1.132,icon,18,2020-06-14,2020-06-14 10:58:22,11514,8873,0,2020-06-14
1,iPhone,Appstore,1,iPhone 8,mid_168343,iOS 13.2.9,797,v2.1.134,icon,19,2020-06-14,2020-06-14 10:58:19,10030,1596,1031,2020-06-14
6,Xiaomi,web,0,Xiaomi 10 Pro ,mid_265440,Android 10.0,131,v2.1.132,notice,19,2020-06-14,2020-06-14 10:58:19,3870,5118,0,2020-06-14
26,vivo,xiaomi,1,vivo iqoo3,mid_305100,Android 9.0,12,v2.1.134,notice,14,2020-06-14,2020-06-14 10:58:19,11951,7595,3164,2020-06-14
26,Xiaomi,web,1,Xiaomi 9,mid_122092,Android 11.0,769,v2.1.134,icon,9,2020-06-14,2020-06-14 10:58:19,10370,4706,1732,2020-06-14
13,Huawei,oppo,0,Huawei P30,mid_412142,Android 11.0,37,v2.1.134,icon,9,2020-06-14,2020-06-14 10:58:19,3723,1036,1021,2020-06-14
26,iPhone,Appstore,0,iPhone Xs Max,mid_729137,iOS 13.3.1,83,v2.1.134,icon,12,2020-06-14,2020-06-14 10:58:19,8245,5434,3509,2020-06-14
13,Honor,oppo,1,Honor 20s,mid_757617,Android 10.0,402,v2.1.134,icon,3,2020-06-14,2020-06-14 10:58:20,14372,8270,0,2020-06-14
1,Xiaomi,xiaomi,1,Xiaomi Mix2 ,mid_341014,Android 10.0,182,v2.1.134,notice,9,2020-06-14,2020-06-14 10:58:20,15281,9713,2441,2020-06-14
6,Xiaomi,oppo,1,Xiaomi Mix2 ,mid_492166,Android 10.0,549,v2.1.134,icon,11,2020-06-14,2020-06-14 10:58:20,2180,8681,7602,2020-06-14
6,Xiaomi,360,0,Xiaomi Mix2 ,mid_107961,Android 10.0,674,v2.1.134,notice,14,2020-06-14,2020-06-14 10:58:20,3708,1493,0,2020-06-14
6,Oneplus,huawei,0,Oneplus 7,mid_174101,Android 11.0,816,v2.1.134,notice,6,2020-06-14,2020-06-14 10:58:20,19385,4573,0,2020-06-14
15,Xiaomi,huawei,1,Xiaomi 9,mid_191306,Android 11.0,384,v2.1.111,install,18,2020-06-14,2020-06-14 10:58:20,16097,1311,1009,2020-06-14
6,Redmi,360,1,Redmi k30,mid_398696,Android 10.0,924,v2.1.134,icon,4,2020-06-14,2020-06-14 10:58:21,18124,7033,0,2020-06-14
1,iPhone,Appstore,0,iPhone X,mid_27278,iOS 13.3.1,935,v2.0.1,icon,17,2020-06-14,2020-06-14 10:58:21,4842,2464,2290,2020-06-14
15,iPhone,Appstore,1,iPhone Xs,mid_525006,iOS 13.3.1,920,v2.1.134,icon,18,2020-06-14,2020-06-14 10:58:21,3598,4816,2749,2020-06-14
1,Xiaomi,vivo,1,Xiaomi 9,mid_773093,Android 11.0,346,v2.1.134,icon,2,2020-06-14,2020-06-14 10:58:21,4707,2010,1518,2020-06-14
1,iPhone,Appstore,1,iPhone Xs Max,mid_703519,iOS 13.3.1,510,v2.1.134,notice,16,2020-06-14,2020-06-14 10:58:21,1738,7293,3777,2020-06-14
6,Xiaomi,xiaomi,1,Xiaomi 9,mid_295257,Android 10.0,100,v2.1.134,icon,14,2020-06-14,2020-06-14 10:58:21,7913,4952,3673,2020-06-14
6,Xiaomi,xiaomi,0,Xiaomi 10 Pro ,mid_181797,Android 11.0,483,v2.1.132,icon,14,2020-06-14,2020-06-14 10:58:22,2470,2363,0,2020-06-14
26,Xiaomi,vivo,0,Xiaomi Mix2 ,mid_53557,Android 10.0,150,v2.1.134,icon,16,2020-06-14,2020-06-14 10:58:22,15272,2008,0,2020-06-14
6,Oneplus,vivo,0,Oneplus 7,mid_170023,Android 11.0,598,v2.1.132,icon,5,2020-06-14,2020-06-14 10:58:22,10173,1057,1002,2020-06-14
6,Redmi,wandoujia,0,Redmi k30,mid_307396,Android 11.0,439,v2.1.134,icon,6,2020-06-14,2020-06-14 10:58:22,14369,1962,0,2020-06-14
13,Xiaomi,vivo,1,Xiaomi Mix2 ,mid_54253,Android 10.0,308,v2.1.132,notice,5,2020-06-14,2020-06-14 10:58:22,8748,5596,0,2020-06-14
15,Xiaomi,xiaomi,0,Xiaomi 10 Pro ,mid_523161,Android 11.0,34,v2.1.134,notice,20,2020-06-14,2020-06-14 10:58:22,12152,8324,0,2020-06-14
12,Xiaomi,huawei,1,Xiaomi Mix2 ,mid_668009,Android 10.0,344,v2.1.134,notice,9,2020-06-14,2020-06-14 10:58:22,16835,4350,2866,2020-06-14
1,iPhone,Appstore,0,iPhone Xs,mid_936689,iOS 13.2.9,404,v2.1.134,icon,19,2020-06-14,2020-06-14 10:58:23,2836,6348,5039,2020-06-14
26,iPhone,Appstore,0,iPhone X,mid_168913,iOS 13.3.1,502,v2.1.132,icon,9,2020-06-14,2020-06-14 10:58:23,14830,2679,0,2020-06-14
12,Xiaomi,xiaomi,0,Xiaomi Mix2 ,mid_226014,Android 9.0,267,v2.1.134,icon,5,2020-06-14,2020-06-14 10:58:23,3203,5505,0,2020-06-14
12,Redmi,oppo,1,Redmi k30,mid_691280,Android 11.0,805,v2.0.1,icon,12,2020-06-14,2020-06-14 10:58:23,18070,7820,0,2020-06-14
1,Honor,xiaomi,1,Honor 20s,mid_132723,Android 10.0,696,v2.1.134,icon,6,2020-06-14,2020-06-14 10:58:23,11196,6418,5342,2020-06-14
1,iPhone,Appstore,1,iPhone Xs Max,mid_488360,iOS 13.3.1,963,v2.1.132,icon,4,2020-06-14,2020-06-14 10:58:23,10684,6413,4776,2020-06-14
26,Xiaomi,xiaomi,1,Xiaomi Mix2 ,mid_857586,Android 11.0,611,v2.1.134,notice,11,2020-06-14,2020-06-14 10:58:23,18188,8810,3399,2020-06-14
1,Redmi,xiaomi,1,Redmi k30,mid_154866,Android 11.0,484,v2.1.134,icon,5,2020-06-14,2020-06-14 10:58:23,19017,5794,2591,2020-06-14
24,iPhone,Appstore,0,iPhone X,mid_481524,iOS 13.3.1,166,v2.0.1,icon,14,2020-06-14,2020-06-14 10:58:23,13259,3523,1303,2020-06-14
26,iPhone,Appstore,0,iPhone Xs Max,mid_596963,iOS 13.2.3,44,v2.1.134,icon,9,2020-06-14,2020-06-14 10:58:23,18245,9340,0,2020-06-14
24,Huawei,xiaomi,0,Huawei Mate 30,mid_452562,Android 11.0,797,v2.1.132,icon,15,2020-06-14,2020-06-14 10:58:23,19752,7461,0,2020-06-14
6,Xiaomi,oppo,1,Xiaomi 9,mid_442404,Android 10.0,694,v2.1.134,icon,5,2020-06-14,2020-06-14 10:58:24,15466,8557,4299,2020-06-14
33,Xiaomi,xiaomi,0,Xiaomi 10 Pro ,mid_670928,Android 11.0,441,v2.1.134,icon,11,2020-06-14,2020-06-14 10:58:24,12023,4876,0,2020-06-14
1,Xiaomi,xiaomi,1,Xiaomi Mix2 ,mid_746344,Android 10.0,689,v2.1.132,notice,5,2020-06-14,2020-06-14 10:58:24,12453,8897,0,2020-06-14
1,Sumsung,oppo,1,Sumsung Galaxy S20,mid_111142,Android 11.0,374,v2.1.134,icon,12,2020-06-14,2020-06-14 10:58:24,13093,1861,0,2020-06-14
1,Huawei,oppo,0,Huawei Mate 30,mid_555979,Android 11.0,982,v2.1.132,icon,9,2020-06-14,2020-06-14 10:58:24,6800,1045,1016,2020-06-14
6,Xiaomi,oppo,1,Xiaomi 10 Pro ,mid_820668,Android 11.0,436,v2.1.134,notice,17,2020-06-14,2020-06-14 10:58:24,12113,4063,2736,2020-06-14
12,Redmi,xiaomi,1,Redmi k30,mid_486426,Android 10.0,219,v2.1.132,icon,7,2020-06-14,2020-06-14 10:58:25,19443,2062,1689,2020-06-14
26,vivo,web,0,vivo iqoo3,mid_600674,Android 11.0,167,v2.1.134,notice,13,2020-06-14,2020-06-14 10:58:25,3727,7363,0,2020-06-14
1,Xiaomi,xiaomi,1,Xiaomi 10 Pro ,mid_981821,Android 10.0,778,v2.1.134,icon,13,2020-06-14,2020-06-14 10:58:25,1548,3764,1719,2020-06-14
1,Xiaomi,oppo,0,Xiaomi 10 Pro ,mid_82280,Android 11.0,252,v2.1.134,icon,8,2020-06-14,2020-06-14 10:58:25,16278,9238,0,2020-06-14
6,Xiaomi,web,1,Xiaomi 10 Pro ,mid_788808,Android 10.0,656,v2.1.111,icon,20,2020-06-14,2020-06-14 10:58:25,14871,9987,0,2020-06-14
1,Xiaomi,oppo,1,Xiaomi 9,mid_435897,Android 11.0,62,v2.1.134,icon,5,2020-06-14,2020-06-14 10:58:25,11775,4448,0,2020-06-14
26,iPhone,Appstore,1,iPhone Xs,mid_995171,iOS 13.2.3,327,v2.1.134,icon,13,2020-06-14,2020-06-14 10:58:26,4052,4117,1530,2020-06-14
33,iPhone,Appstore,1,iPhone Xs Max,mid_216886,iOS 13.2.9,438,v2.1.134,icon,12,2020-06-14,2020-06-14 10:58:26,15940,8071,6349,2020-06-14
26,Xiaomi,xiaomi,1,Xiaomi 9,mid_269380,Android 11.0,790,v2.1.134,icon,18,2020-06-14,2020-06-14 10:58:26,18987,4759,0,2020-06-14
12,Xiaomi,xiaomi,1,Xiaomi 10 Pro ,mid_63197,Android 9.0,111,v2.1.134,notice,1,2020-06-14,2020-06-14 10:58:26,4683,9505,2294,2020-06-14
26,Xiaomi,xiaomi,1,Xiaomi 10 Pro ,mid_772925,Android 8.1,172,v2.1.132,icon,11,2020-06-14,2020-06-14 10:58:26,19476,5548,4513,2020-06-14
26,vivo,oppo,1,vivo iqoo3,mid_102912,Android 8.1,261,v2.1.132,icon,5,2020-06-14,2020-06-14 10:58:26,2322,1123,1080,2020-06-14
6,iPhone,Appstore,1,iPhone 8,mid_844247,iOS 13.2.9,338,v2.0.1,icon,9,2020-06-14,2020-06-14 10:58:26,9359,6004,0,2020-06-14
15,iPhone,Appstore,1,iPhone 8,mid_811399,iOS 13.2.9,148,v2.1.132,notice,20,2020-06-14,2020-06-14 10:58:24,14029,7265,0,2020-06-14
6,Xiaomi,xiaomi,0,Xiaomi Mix2 ,mid_271244,Android 11.0,673,v2.1.132,notice,6,2020-06-14,2020-06-14 10:58:24,10847,1937,1083,2020-06-14
26,vivo,huawei,1,vivo iqoo3,mid_620745,Android 10.0,199,v2.1.134,icon,13,2020-06-14,2020-06-14 10:58:24,13869,3354,0,2020-06-14
13,iPhone,Appstore,1,iPhone X,mid_845581,iOS 13.3.1,626,v2.0.1,notice,20,2020-06-14,2020-06-14 10:58:24,5545,9822,0,2020-06-14
