id,user_id,sku_id,date_id,create_time,dt
1666642525325410306,200,29,2020-06-10,2020-06-10 11:05:17,2020-06-10
1666642525342187522,176,24,2020-06-10,2020-06-10 11:05:17,2020-06-10
1666642525342187523,50,33,2020-06-10,2020-06-10 11:05:17,2020-06-10
1666642525342187524,54,16,2020-06-10,2020-06-10 11:05:17,2020-06-10
1666642525342187525,94,27,2020-06-10,2020-06-10 11:05:17,2020-06-10
1666642525350576130,194,26,2020-06-10,2020-06-10 11:05:17,2020-06-10
1666642525350576131,88,4,2020-06-10,2020-06-10 11:05:17,2020-06-10
1666642525358964737,97,9,2020-06-10,2020-06-10 11:05:17,2020-06-10
1666642525363159041,18,12,2020-06-10,2020-06-10 11:05:17,2020-06-10
1666642525363159042,84,14,2020-06-10,2020-06-10 11:05:17,2020-06-10
1666642525363159043,55,23,2020-06-10,2020-06-10 11:05:17,2020-06-10
1666642525363159044,18,14,2020-06-10,2020-06-10 11:05:17,2020-06-10
1666642525371547649,34,25,2020-06-10,2020-06-10 11:05:17,2020-06-10
1666642525371547650,187,6,2020-06-10,2020-06-10 11:05:17,2020-06-10
1666642525371547651,25,25,2020-06-10,2020-06-10 11:05:17,2020-06-10
1666642525371547652,197,4,2020-06-10,2020-06-10 11:05:17,2020-06-10
1666642525375741953,199,35,2020-06-10,2020-06-10 11:05:17,2020-06-10
1666642525384130562,65,34,2020-06-10,2020-06-10 11:05:17,2020-06-10
1666642525384130563,161,23,2020-06-10,2020-06-10 11:05:17,2020-06-10
1666642525384130564,37,12,2020-06-10,2020-06-10 11:05:17,2020-06-10
1666642525384130565,53,26,2020-06-10,2020-06-10 11:05:17,2020-06-10
1666642525384130566,72,5,2020-06-10,2020-06-10 11:05:17,2020-06-10
1666642525384130567,12,1,2020-06-10,2020-06-10 11:05:17,2020-06-10
1666642525384130568,117,14,2020-06-10,2020-06-10 11:05:17,2020-06-10
1666642525384130569,60,13,2020-06-10,2020-06-10 11:05:17,2020-06-10
1666642525392519170,20,28,2020-06-10,2020-06-10 11:05:17,2020-06-10
1666642525392519171,189,17,2020-06-10,2020-06-10 11:05:17,2020-06-10
1666642525392519172,118,15,2020-06-10,2020-06-10 11:05:17,2020-06-10
1666642525392519173,171,17,2020-06-10,2020-06-10 11:05:17,2020-06-10
1666642525392519174,14,3,2020-06-10,2020-06-10 11:05:17,2020-06-10
1666642525400907777,91,12,2020-06-10,2020-06-10 11:05:17,2020-06-10
1666642525400907778,127,12,2020-06-10,2020-06-10 11:05:17,2020-06-10
1666642525400907779,57,22,2020-06-10,2020-06-10 11:05:17,2020-06-10
1666642525400907780,25,16,2020-06-10,2020-06-10 11:05:17,2020-06-10
1666642525400907781,114,2,2020-06-10,2020-06-10 11:05:17,2020-06-10
1666642525409296386,144,12,2020-06-10,2020-06-10 11:05:17,2020-06-10
1666642525409296387,50,19,2020-06-10,2020-06-10 11:05:17,2020-06-10
1666642525409296388,192,19,2020-06-10,2020-06-10 11:05:17,2020-06-10
1666642525409296389,54,23,2020-06-10,2020-06-10 11:05:17,2020-06-10
1666642525409296390,87,29,2020-06-10,2020-06-10 11:05:17,2020-06-10
1666642525409296391,35,21,2020-06-10,2020-06-10 11:05:17,2020-06-10
1666642525409296392,147,23,2020-06-10,2020-06-10 11:05:17,2020-06-10
1666642525409296393,194,33,2020-06-10,2020-06-10 11:05:17,2020-06-10
1666642525409296394,194,27,2020-06-10,2020-06-10 11:05:17,2020-06-10
1666642525409296395,176,15,2020-06-10,2020-06-10 11:05:17,2020-06-10
1666642525409296396,88,16,2020-06-10,2020-06-10 11:05:17,2020-06-10
1666642525409296397,65,18,2020-06-10,2020-06-10 11:05:17,2020-06-10
1666642525409296398,76,19,2020-06-10,2020-06-10 11:05:17,2020-06-10
1666642525409296399,89,27,2020-06-10,2020-06-10 11:05:17,2020-06-10
1666642525426073601,101,33,2020-06-10,2020-06-10 11:05:17,2020-06-10
1666642525426073602,80,12,2020-06-10,2020-06-10 11:05:17,2020-06-10
1666642525426073603,144,13,2020-06-10,2020-06-10 11:05:17,2020-06-10
1666642525426073604,190,11,2020-06-10,2020-06-10 11:05:17,2020-06-10
1666642525430267906,19,6,2020-06-10,2020-06-10 11:05:17,2020-06-10
1666642525430267907,142,23,2020-06-10,2020-06-10 11:05:17,2020-06-10
1666642525430267908,138,16,2020-06-10,2020-06-10 11:05:17,2020-06-10
1666642525430267909,97,23,2020-06-10,2020-06-10 11:05:17,2020-06-10
1666642525430267910,162,28,2020-06-10,2020-06-10 11:05:17,2020-06-10
1666642525430267911,155,17,2020-06-10,2020-06-10 11:05:17,2020-06-10
1666642525430267912,5,32,2020-06-10,2020-06-10 11:05:17,2020-06-10
1666642525430267913,62,32,2020-06-10,2020-06-10 11:05:17,2020-06-10
1666642525430267914,120,14,2020-06-10,2020-06-10 11:05:17,2020-06-10
1666642525442850818,174,30,2020-06-10,2020-06-10 11:05:17,2020-06-10
1666642525442850819,35,15,2020-06-10,2020-06-10 11:05:17,2020-06-10
1666642525442850820,59,33,2020-06-10,2020-06-10 11:05:17,2020-06-10
1666642525442850821,162,4,2020-06-10,2020-06-10 11:05:17,2020-06-10
1666642525442850822,53,13,2020-06-10,2020-06-10 11:05:17,2020-06-10
1666642525451239426,64,11,2020-06-10,2020-06-10 11:05:17,2020-06-10
1666642525451239427,84,19,2020-06-10,2020-06-10 11:05:17,2020-06-10
1666642525451239428,112,10,2020-06-10,2020-06-10 11:05:17,2020-06-10
1666642525451239429,80,10,2020-06-10,2020-06-10 11:05:17,2020-06-10
1666642525451239430,163,33,2020-06-10,2020-06-10 11:05:17,2020-06-10
1666642525451239431,185,31,2020-06-10,2020-06-10 11:05:17,2020-06-10
1666642525451239432,62,16,2020-06-10,2020-06-10 11:05:17,2020-06-10
1666642525459628033,23,4,2020-06-10,2020-06-10 11:05:17,2020-06-10
1666642525459628034,32,1,2020-06-10,2020-06-10 11:05:17,2020-06-10
1666642525459628035,116,31,2020-06-10,2020-06-10 11:05:17,2020-06-10
1666642525459628036,102,9,2020-06-10,2020-06-10 11:05:17,2020-06-10
1666642525459628037,85,12,2020-06-10,2020-06-10 11:05:17,2020-06-10
1666642525459628038,129,26,2020-06-10,2020-06-10 11:05:17,2020-06-10
1666642525459628039,5,8,2020-06-10,2020-06-10 11:05:17,2020-06-10
1666642525463822337,58,14,2020-06-10,2020-06-10 11:05:17,2020-06-10
1666642525476405250,28,4,2020-06-10,2020-06-10 11:05:17,2020-06-10
1666642525476405251,92,3,2020-06-10,2020-06-10 11:05:17,2020-06-10
1666642525476405252,147,1,2020-06-10,2020-06-10 11:05:17,2020-06-10
1666642525480599554,35,12,2020-06-10,2020-06-10 11:05:17,2020-06-10
1666642525480599555,171,18,2020-06-10,2020-06-10 11:05:17,2020-06-10
1666642525480599556,70,6,2020-06-10,2020-06-10 11:05:17,2020-06-10
1666642525480599557,161,3,2020-06-10,2020-06-10 11:05:17,2020-06-10
1666642525480599558,8,21,2020-06-10,2020-06-10 11:05:17,2020-06-10
1666642525480599559,190,29,2020-06-10,2020-06-10 11:05:17,2020-06-10
1666642525480599560,25,23,2020-06-10,2020-06-10 11:05:17,2020-06-10
1666642525480599561,43,16,2020-06-10,2020-06-10 11:05:17,2020-06-10
1666642525480599562,151,13,2020-06-10,2020-06-10 11:05:17,2020-06-10
1666642525480599563,63,28,2020-06-10,2020-06-10 11:05:17,2020-06-10
1666642525480599564,64,18,2020-06-10,2020-06-10 11:05:17,2020-06-10
1666642525480599565,182,5,2020-06-10,2020-06-10 11:05:17,2020-06-10
1666642525480599566,164,35,2020-06-10,2020-06-10 11:05:17,2020-06-10
1666642525480599567,194,17,2020-06-10,2020-06-10 11:05:17,2020-06-10
1666642525480599568,100,10,2020-06-10,2020-06-10 11:05:17,2020-06-10
1666643073705492482,330,6,2020-06-11,2020-06-11 11:07:28,2020-06-11
1666643073705492483,278,23,2020-06-11,2020-06-11 11:07:28,2020-06-11
1666643073718075393,39,32,2020-06-11,2020-06-11 11:07:28,2020-06-11
1666643073718075394,374,32,2020-06-11,2020-06-11 11:07:28,2020-06-11
1666643073718075395,337,31,2020-06-11,2020-06-11 11:07:28,2020-06-11
1666643073722269698,66,24,2020-06-11,2020-06-11 11:07:28,2020-06-11
1666643073722269699,98,26,2020-06-11,2020-06-11 11:07:28,2020-06-11
1666643073726464002,109,32,2020-06-11,2020-06-11 11:07:28,2020-06-11
1666643073730658305,194,22,2020-06-11,2020-06-11 11:07:28,2020-06-11
1666643073734852609,25,15,2020-06-11,2020-06-11 11:07:28,2020-06-11
1666643073734852610,75,3,2020-06-11,2020-06-11 11:07:28,2020-06-11
1666643073734852611,177,9,2020-06-11,2020-06-11 11:07:28,2020-06-11
1666643073734852612,26,26,2020-06-11,2020-06-11 11:07:28,2020-06-11
1666643073734852613,245,31,2020-06-11,2020-06-11 11:07:28,2020-06-11
1666643073734852614,53,9,2020-06-11,2020-06-11 11:07:28,2020-06-11
1666643073734852615,189,16,2020-06-11,2020-06-11 11:07:28,2020-06-11
1666643073734852616,321,12,2020-06-11,2020-06-11 11:07:28,2020-06-11
1666643073739046914,231,4,2020-06-11,2020-06-11 11:07:28,2020-06-11
1666643073743241218,226,6,2020-06-11,2020-06-11 11:07:28,2020-06-11
1666643073743241219,338,20,2020-06-11,2020-06-11 11:07:28,2020-06-11
1666643073743241220,39,22,2020-06-11,2020-06-11 11:07:28,2020-06-11
1666643073743241221,218,32,2020-06-11,2020-06-11 11:07:28,2020-06-11
1666643073743241222,140,10,2020-06-11,2020-06-11 11:07:28,2020-06-11
1666643073743241223,188,13,2020-06-11,2020-06-11 11:07:28,2020-06-11
1666643073747435521,285,4,2020-06-11,2020-06-11 11:07:28,2020-06-11
1666643073747435522,26,32,2020-06-11,2020-06-11 11:07:28,2020-06-11
1666643073747435523,289,15,2020-06-11,2020-06-11 11:07:28,2020-06-11
1666643073751629826,388,21,2020-06-11,2020-06-11 11:07:28,2020-06-11
1666643073751629827,291,3,2020-06-11,2020-06-11 11:07:28,2020-06-11
1666643073751629828,169,7,2020-06-11,2020-06-11 11:07:28,2020-06-11
1666643073751629829,296,7,2020-06-11,2020-06-11 11:07:28,2020-06-11
1666643073751629830,77,34,2020-06-11,2020-06-11 11:07:28,2020-06-11
1666643073755824129,16,25,2020-06-11,2020-06-11 11:07:28,2020-06-11
1666643073755824130,357,3,2020-06-11,2020-06-11 11:07:28,2020-06-11
1666643073755824131,325,3,2020-06-11,2020-06-11 11:07:28,2020-06-11
1666643073760018434,4,13,2020-06-11,2020-06-11 11:07:28,2020-06-11
1666643073760018435,22,26,2020-06-11,2020-06-11 11:07:28,2020-06-11
1666643073760018436,257,22,2020-06-11,2020-06-11 11:07:28,2020-06-11
1666643073760018437,379,29,2020-06-11,2020-06-11 11:07:28,2020-06-11
1666643073764212738,19,2,2020-06-11,2020-06-11 11:07:28,2020-06-11
1666643073764212739,46,33,2020-06-11,2020-06-11 11:07:28,2020-06-11
1666643073768407042,183,33,2020-06-11,2020-06-11 11:07:28,2020-06-11
1666643073768407043,124,22,2020-06-11,2020-06-11 11:07:28,2020-06-11
1666643073768407044,379,35,2020-06-11,2020-06-11 11:07:28,2020-06-11
1666643073768407045,301,13,2020-06-11,2020-06-11 11:07:28,2020-06-11
1666643073768407046,360,10,2020-06-11,2020-06-11 11:07:28,2020-06-11
1666643073768407047,310,19,2020-06-11,2020-06-11 11:07:28,2020-06-11
1666643073768407048,94,28,2020-06-11,2020-06-11 11:07:28,2020-06-11
1666643073768407049,284,13,2020-06-11,2020-06-11 11:07:28,2020-06-11
1666643073772601345,21,19,2020-06-11,2020-06-11 11:07:28,2020-06-11
1666643073772601346,188,11,2020-06-11,2020-06-11 11:07:28,2020-06-11
1666643073772601347,350,34,2020-06-11,2020-06-11 11:07:28,2020-06-11
1666643073772601348,358,25,2020-06-11,2020-06-11 11:07:28,2020-06-11
1666643073772601349,227,13,2020-06-11,2020-06-11 11:07:28,2020-06-11
1666643073772601350,183,23,2020-06-11,2020-06-11 11:07:28,2020-06-11
1666643073772601351,73,33,2020-06-11,2020-06-11 11:07:28,2020-06-11
1666643073772601352,320,27,2020-06-11,2020-06-11 11:07:28,2020-06-11
1666643073772601353,178,9,2020-06-11,2020-06-11 11:07:28,2020-06-11
1666643073772601354,110,19,2020-06-11,2020-06-11 11:07:28,2020-06-11
1666643073772601355,82,25,2020-06-11,2020-06-11 11:07:28,2020-06-11
1666643073789378562,284,26,2020-06-11,2020-06-11 11:07:28,2020-06-11
1666643073789378563,29,12,2020-06-11,2020-06-11 11:07:28,2020-06-11
1666643073789378564,227,26,2020-06-11,2020-06-11 11:07:28,2020-06-11
1666643073789378565,213,20,2020-06-11,2020-06-11 11:07:28,2020-06-11
1666643073789378566,146,16,2020-06-11,2020-06-11 11:07:28,2020-06-11
1666643073793572866,194,20,2020-06-11,2020-06-11 11:07:28,2020-06-11
1666643073793572867,112,7,2020-06-11,2020-06-11 11:07:28,2020-06-11
1666643073797767169,206,15,2020-06-11,2020-06-11 11:07:28,2020-06-11
1666643073797767170,341,11,2020-06-11,2020-06-11 11:07:28,2020-06-11
1666643073797767171,68,13,2020-06-11,2020-06-11 11:07:28,2020-06-11
1666643073797767172,250,18,2020-06-11,2020-06-11 11:07:28,2020-06-11
1666643073797767173,263,12,2020-06-11,2020-06-11 11:07:28,2020-06-11
1666643073797767174,150,29,2020-06-11,2020-06-11 11:07:28,2020-06-11
1666643073797767175,79,12,2020-06-11,2020-06-11 11:07:28,2020-06-11
1666643073797767176,177,15,2020-06-11,2020-06-11 11:07:28,2020-06-11
1666643073797767177,349,35,2020-06-11,2020-06-11 11:07:28,2020-06-11
1666643073797767178,159,19,2020-06-11,2020-06-11 11:07:28,2020-06-11
1666643073806155777,104,11,2020-06-11,2020-06-11 11:07:28,2020-06-11
1666643073806155778,313,2,2020-06-11,2020-06-11 11:07:28,2020-06-11
1666643073814544386,356,14,2020-06-11,2020-06-11 11:07:28,2020-06-11
1666643073814544387,10,9,2020-06-11,2020-06-11 11:07:28,2020-06-11
1666643073822932993,169,6,2020-06-11,2020-06-11 11:07:28,2020-06-11
1666643073822932994,93,18,2020-06-11,2020-06-11 11:07:28,2020-06-11
1666643073822932995,64,29,2020-06-11,2020-06-11 11:07:28,2020-06-11
1666643073822932996,118,10,2020-06-11,2020-06-11 11:07:28,2020-06-11
1666643073827127297,342,24,2020-06-11,2020-06-11 11:07:28,2020-06-11
1666643073827127298,368,31,2020-06-11,2020-06-11 11:07:28,2020-06-11
1666643073827127299,325,24,2020-06-11,2020-06-11 11:07:28,2020-06-11
1666643073827127300,394,34,2020-06-11,2020-06-11 11:07:28,2020-06-11
1666643073827127301,181,30,2020-06-11,2020-06-11 11:07:28,2020-06-11
1666643073831321601,291,31,2020-06-11,2020-06-11 11:07:28,2020-06-11
1666643073831321602,227,2,2020-06-11,2020-06-11 11:07:28,2020-06-11
1666643073831321603,273,11,2020-06-11,2020-06-11 11:07:28,2020-06-11
1666643073831321604,371,23,2020-06-11,2020-06-11 11:07:28,2020-06-11
1666643073835515906,390,2,2020-06-11,2020-06-11 11:07:28,2020-06-11
1666643073835515907,108,26,2020-06-11,2020-06-11 11:07:28,2020-06-11
1666643073835515908,161,14,2020-06-11,2020-06-11 11:07:28,2020-06-11
1666643073835515909,311,33,2020-06-11,2020-06-11 11:07:28,2020-06-11
1666643073835515910,169,8,2020-06-11,2020-06-11 11:07:28,2020-06-11
1666643073839710210,294,35,2020-06-11,2020-06-11 11:07:28,2020-06-11
1666643184137318402,92,13,2020-06-12,2020-06-12 11:07:54,2020-06-12
1666643184137318403,320,27,2020-06-12,2020-06-12 11:07:54,2020-06-12
1666643184137318404,418,24,2020-06-12,2020-06-12 11:07:54,2020-06-12
1666643184149901313,293,25,2020-06-12,2020-06-12 11:07:54,2020-06-12
1666643184149901314,89,3,2020-06-12,2020-06-12 11:07:54,2020-06-12
1666643184154095617,153,25,2020-06-12,2020-06-12 11:07:54,2020-06-12
1666643184158289921,133,4,2020-06-12,2020-06-12 11:07:54,2020-06-12
1666643184158289922,29,29,2020-06-12,2020-06-12 11:07:54,2020-06-12
1666643184158289923,4,11,2020-06-12,2020-06-12 11:07:54,2020-06-12
1666643184158289924,253,16,2020-06-12,2020-06-12 11:07:54,2020-06-12
1666643184158289925,586,21,2020-06-12,2020-06-12 11:07:54,2020-06-12
1666643184166678530,68,17,2020-06-12,2020-06-12 11:07:54,2020-06-12
1666643184166678531,228,17,2020-06-12,2020-06-12 11:07:54,2020-06-12
1666643184166678532,115,4,2020-06-12,2020-06-12 11:07:54,2020-06-12
1666643184166678533,259,13,2020-06-12,2020-06-12 11:07:54,2020-06-12
1666643184166678534,153,32,2020-06-12,2020-06-12 11:07:54,2020-06-12
1666643184166678535,582,17,2020-06-12,2020-06-12 11:07:54,2020-06-12
1666643184166678536,164,17,2020-06-12,2020-06-12 11:07:54,2020-06-12
1666643184166678537,510,9,2020-06-12,2020-06-12 11:07:54,2020-06-12
1666643184166678538,105,20,2020-06-12,2020-06-12 11:07:54,2020-06-12
1666643184166678539,523,6,2020-06-12,2020-06-12 11:07:54,2020-06-12
1666643184175067138,45,21,2020-06-12,2020-06-12 11:07:54,2020-06-12
1666643184175067139,129,28,2020-06-12,2020-06-12 11:07:54,2020-06-12
1666643184175067140,325,27,2020-06-12,2020-06-12 11:07:54,2020-06-12
1666643184175067141,345,18,2020-06-12,2020-06-12 11:07:54,2020-06-12
1666643184175067142,457,18,2020-06-12,2020-06-12 11:07:54,2020-06-12
1666643184175067143,202,19,2020-06-12,2020-06-12 11:07:54,2020-06-12
1666643184175067144,550,34,2020-06-12,2020-06-12 11:07:54,2020-06-12
1666643184175067145,388,13,2020-06-12,2020-06-12 11:07:54,2020-06-12
1666643184175067146,383,26,2020-06-12,2020-06-12 11:07:54,2020-06-12
1666643184175067147,395,29,2020-06-12,2020-06-12 11:07:54,2020-06-12
1666643184183455746,240,31,2020-06-12,2020-06-12 11:07:54,2020-06-12
1666643184183455747,190,13,2020-06-12,2020-06-12 11:07:54,2020-06-12
1666643184183455748,471,8,2020-06-12,2020-06-12 11:07:54,2020-06-12
1666643184183455749,467,4,2020-06-12,2020-06-12 11:07:54,2020-06-12
1666643184183455750,115,1,2020-06-12,2020-06-12 11:07:54,2020-06-12
1666643184183455751,560,20,2020-06-12,2020-06-12 11:07:54,2020-06-12
1666643184183455752,442,21,2020-06-12,2020-06-12 11:07:54,2020-06-12
1666643184183455753,479,26,2020-06-12,2020-06-12 11:07:54,2020-06-12
1666643184183455754,96,29,2020-06-12,2020-06-12 11:07:54,2020-06-12
1666643184183455755,425,3,2020-06-12,2020-06-12 11:07:54,2020-06-12
1666643184183455756,120,12,2020-06-12,2020-06-12 11:07:54,2020-06-12
1666643184196038658,521,22,2020-06-12,2020-06-12 11:07:54,2020-06-12
1666643184196038659,24,4,2020-06-12,2020-06-12 11:07:54,2020-06-12
1666643184196038660,298,34,2020-06-12,2020-06-12 11:07:54,2020-06-12
1666643184196038661,30,32,2020-06-12,2020-06-12 11:07:54,2020-06-12
1666643184196038662,453,32,2020-06-12,2020-06-12 11:07:54,2020-06-12
1666643184196038663,198,21,2020-06-12,2020-06-12 11:07:54,2020-06-12
1666643184196038664,278,23,2020-06-12,2020-06-12 11:07:54,2020-06-12
1666643184196038665,500,10,2020-06-12,2020-06-12 11:07:54,2020-06-12
1666643184196038666,362,22,2020-06-12,2020-06-12 11:07:54,2020-06-12
1666643184196038667,599,11,2020-06-12,2020-06-12 11:07:54,2020-06-12
1666643184196038668,495,9,2020-06-12,2020-06-12 11:07:54,2020-06-12
1666643184196038669,235,33,2020-06-12,2020-06-12 11:07:54,2020-06-12
1666643184196038670,262,23,2020-06-12,2020-06-12 11:07:54,2020-06-12
1666643184204427266,6,16,2020-06-12,2020-06-12 11:07:54,2020-06-12
1666643184204427267,345,13,2020-06-12,2020-06-12 11:07:54,2020-06-12
1666643184204427268,238,2,2020-06-12,2020-06-12 11:07:54,2020-06-12
1666643184204427269,136,31,2020-06-12,2020-06-12 11:07:54,2020-06-12
1666643184204427270,212,27,2020-06-12,2020-06-12 11:07:54,2020-06-12
1666643184204427271,410,24,2020-06-12,2020-06-12 11:07:54,2020-06-12
1666643184204427272,299,14,2020-06-12,2020-06-12 11:07:54,2020-06-12
1666643184204427273,370,16,2020-06-12,2020-06-12 11:07:54,2020-06-12
1666643184204427274,460,14,2020-06-12,2020-06-12 11:07:54,2020-06-12
1666643184204427275,36,14,2020-06-12,2020-06-12 11:07:54,2020-06-12
1666643184204427276,323,3,2020-06-12,2020-06-12 11:07:54,2020-06-12
1666643184212815874,77,11,2020-06-12,2020-06-12 11:07:54,2020-06-12
1666643184212815875,350,8,2020-06-12,2020-06-12 11:07:54,2020-06-12
1666643184212815876,59,6,2020-06-12,2020-06-12 11:07:54,2020-06-12
1666643184212815877,369,7,2020-06-12,2020-06-12 11:07:54,2020-06-12
1666643184212815878,416,9,2020-06-12,2020-06-12 11:07:54,2020-06-12
1666643184212815879,320,23,2020-06-12,2020-06-12 11:07:54,2020-06-12
1666643184212815880,411,14,2020-06-12,2020-06-12 11:07:54,2020-06-12
1666643184212815881,495,11,2020-06-12,2020-06-12 11:07:54,2020-06-12
1666643184212815882,103,19,2020-06-12,2020-06-12 11:07:54,2020-06-12
1666643184212815883,89,18,2020-06-12,2020-06-12 11:07:54,2020-06-12
1666643184212815884,2,18,2020-06-12,2020-06-12 11:07:54,2020-06-12
1666643184212815885,200,18,2020-06-12,2020-06-12 11:07:54,2020-06-12
1666643184212815886,350,26,2020-06-12,2020-06-12 11:07:54,2020-06-12
1666643184212815887,369,15,2020-06-12,2020-06-12 11:07:54,2020-06-12
1666643184212815888,2,2,2020-06-12,2020-06-12 11:07:54,2020-06-12
1666643184221204482,591,32,2020-06-12,2020-06-12 11:07:54,2020-06-12
1666643184221204483,234,8,2020-06-12,2020-06-12 11:07:54,2020-06-12
1666643184221204484,419,25,2020-06-12,2020-06-12 11:07:54,2020-06-12
1666643184221204485,122,29,2020-06-12,2020-06-12 11:07:54,2020-06-12
1666643184221204486,513,17,2020-06-12,2020-06-12 11:07:54,2020-06-12
1666643184221204487,248,27,2020-06-12,2020-06-12 11:07:54,2020-06-12
1666643184221204488,59,23,2020-06-12,2020-06-12 11:07:54,2020-06-12
1666643184221204489,54,19,2020-06-12,2020-06-12 11:07:54,2020-06-12
1666643184221204490,563,11,2020-06-12,2020-06-12 11:07:54,2020-06-12
1666643184221204491,75,13,2020-06-12,2020-06-12 11:07:54,2020-06-12
1666643184221204492,112,24,2020-06-12,2020-06-12 11:07:54,2020-06-12
1666643184221204493,580,33,2020-06-12,2020-06-12 11:07:54,2020-06-12
1666643184221204494,467,18,2020-06-12,2020-06-12 11:07:54,2020-06-12
1666643184221204495,518,2,2020-06-12,2020-06-12 11:07:54,2020-06-12
1666643184221204496,112,34,2020-06-12,2020-06-12 11:07:54,2020-06-12
1666643184221204497,236,14,2020-06-12,2020-06-12 11:07:54,2020-06-12
1666643184221204498,405,32,2020-06-12,2020-06-12 11:07:54,2020-06-12
1666643184221204499,322,33,2020-06-12,2020-06-12 11:07:54,2020-06-12
1666643184221204500,242,21,2020-06-12,2020-06-12 11:07:54,2020-06-12
1666643264579878914,618,26,2020-06-13,2020-06-13 11:08:13,2020-06-13
1666643264588267521,602,8,2020-06-13,2020-06-13 11:08:13,2020-06-13
1666643264592461826,577,6,2020-06-13,2020-06-13 11:08:13,2020-06-13
1666643264592461827,759,19,2020-06-13,2020-06-13 11:08:13,2020-06-13
1666643264592461828,588,2,2020-06-13,2020-06-13 11:08:13,2020-06-13
1666643264592461829,772,28,2020-06-13,2020-06-13 11:08:13,2020-06-13
1666643264605044737,454,1,2020-06-13,2020-06-13 11:08:13,2020-06-13
1666643264605044738,177,31,2020-06-13,2020-06-13 11:08:13,2020-06-13
1666643264609239041,456,7,2020-06-13,2020-06-13 11:08:13,2020-06-13
1666643264609239042,239,17,2020-06-13,2020-06-13 11:08:13,2020-06-13
1666643264609239043,694,17,2020-06-13,2020-06-13 11:08:13,2020-06-13
1666643264609239044,558,1,2020-06-13,2020-06-13 11:08:13,2020-06-13
1666643264609239045,287,18,2020-06-13,2020-06-13 11:08:13,2020-06-13
1666643264609239046,81,18,2020-06-13,2020-06-13 11:08:13,2020-06-13
1666643264609239047,204,20,2020-06-13,2020-06-13 11:08:13,2020-06-13
1666643264609239048,557,23,2020-06-13,2020-06-13 11:08:13,2020-06-13
1666643264613433346,513,16,2020-06-13,2020-06-13 11:08:13,2020-06-13
1666643264613433347,486,33,2020-06-13,2020-06-13 11:08:13,2020-06-13
1666643264617627649,105,10,2020-06-13,2020-06-13 11:08:13,2020-06-13
1666643264617627650,212,35,2020-06-13,2020-06-13 11:08:13,2020-06-13
1666643264617627651,483,5,2020-06-13,2020-06-13 11:08:13,2020-06-13
1666643264617627652,216,28,2020-06-13,2020-06-13 11:08:13,2020-06-13
1666643264617627653,308,6,2020-06-13,2020-06-13 11:08:13,2020-06-13
1666643264617627654,693,23,2020-06-13,2020-06-13 11:08:13,2020-06-13
1666643264617627655,543,25,2020-06-13,2020-06-13 11:08:13,2020-06-13
1666643264617627656,111,19,2020-06-13,2020-06-13 11:08:13,2020-06-13
1666643264617627657,758,25,2020-06-13,2020-06-13 11:08:13,2020-06-13
1666643264617627658,670,35,2020-06-13,2020-06-13 11:08:13,2020-06-13
1666643264617627659,117,9,2020-06-13,2020-06-13 11:08:13,2020-06-13
1666643264617627660,263,26,2020-06-13,2020-06-13 11:08:13,2020-06-13
1666643264621821953,325,9,2020-06-13,2020-06-13 11:08:13,2020-06-13
1666643264621821954,200,33,2020-06-13,2020-06-13 11:08:13,2020-06-13
1666643264621821955,135,15,2020-06-13,2020-06-13 11:08:13,2020-06-13
1666643264621821956,353,33,2020-06-13,2020-06-13 11:08:13,2020-06-13
1666643264621821957,179,17,2020-06-13,2020-06-13 11:08:13,2020-06-13
1666643264621821958,157,12,2020-06-13,2020-06-13 11:08:13,2020-06-13
1666643264621821959,525,14,2020-06-13,2020-06-13 11:08:13,2020-06-13
1666643264626016257,7,24,2020-06-13,2020-06-13 11:08:13,2020-06-13
1666643264626016258,579,18,2020-06-13,2020-06-13 11:08:13,2020-06-13
1666643264626016259,598,29,2020-06-13,2020-06-13 11:08:13,2020-06-13
1666643264626016260,77,8,2020-06-13,2020-06-13 11:08:13,2020-06-13
1666643264626016261,215,3,2020-06-13,2020-06-13 11:08:13,2020-06-13
1666643264626016262,1,30,2020-06-13,2020-06-13 11:08:13,2020-06-13
1666643264626016263,792,23,2020-06-13,2020-06-13 11:08:13,2020-06-13
1666643264626016264,368,23,2020-06-13,2020-06-13 11:08:13,2020-06-13
1666643264626016265,366,12,2020-06-13,2020-06-13 11:08:13,2020-06-13
1666643264626016266,440,33,2020-06-13,2020-06-13 11:08:13,2020-06-13
1666643264626016267,503,15,2020-06-13,2020-06-13 11:08:13,2020-06-13
1666643264626016268,114,3,2020-06-13,2020-06-13 11:08:13,2020-06-13
1666643264626016269,114,3,2020-06-13,2020-06-13 11:08:13,2020-06-13
1666643264626016270,659,29,2020-06-13,2020-06-13 11:08:13,2020-06-13
1666643264626016271,269,1,2020-06-13,2020-06-13 11:08:13,2020-06-13
1666643264630210561,788,32,2020-06-13,2020-06-13 11:08:13,2020-06-13
1666643264630210562,308,5,2020-06-13,2020-06-13 11:08:13,2020-06-13
1666643264630210563,46,18,2020-06-13,2020-06-13 11:08:13,2020-06-13
1666643264630210564,685,16,2020-06-13,2020-06-13 11:08:13,2020-06-13
1666643264630210565,518,19,2020-06-13,2020-06-13 11:08:13,2020-06-13
1666643264630210566,720,20,2020-06-13,2020-06-13 11:08:13,2020-06-13
1666643264634404865,552,2,2020-06-13,2020-06-13 11:08:13,2020-06-13
1666643264634404866,669,27,2020-06-13,2020-06-13 11:08:13,2020-06-13
1666643264634404867,624,9,2020-06-13,2020-06-13 11:08:13,2020-06-13
1666643264634404868,601,15,2020-06-13,2020-06-13 11:08:13,2020-06-13
1666643264634404869,414,6,2020-06-13,2020-06-13 11:08:13,2020-06-13
1666643264634404870,276,4,2020-06-13,2020-06-13 11:08:13,2020-06-13
1666643264634404871,285,32,2020-06-13,2020-06-13 11:08:13,2020-06-13
1666643264634404872,435,18,2020-06-13,2020-06-13 11:08:13,2020-06-13
1666643264638599170,604,4,2020-06-13,2020-06-13 11:08:13,2020-06-13
1666643264638599171,360,10,2020-06-13,2020-06-13 11:08:13,2020-06-13
1666643264638599172,679,13,2020-06-13,2020-06-13 11:08:13,2020-06-13
1666643264638599173,720,15,2020-06-13,2020-06-13 11:08:13,2020-06-13
1666643264638599174,42,29,2020-06-13,2020-06-13 11:08:13,2020-06-13
1666643264638599175,669,3,2020-06-13,2020-06-13 11:08:13,2020-06-13
1666643264642793473,358,16,2020-06-13,2020-06-13 11:08:13,2020-06-13
1666643264642793474,144,15,2020-06-13,2020-06-13 11:08:13,2020-06-13
1666643264642793475,660,2,2020-06-13,2020-06-13 11:08:13,2020-06-13
1666643264642793476,84,16,2020-06-13,2020-06-13 11:08:13,2020-06-13
1666643264642793477,382,8,2020-06-13,2020-06-13 11:08:13,2020-06-13
1666643264642793478,572,35,2020-06-13,2020-06-13 11:08:13,2020-06-13
1666643264642793479,449,34,2020-06-13,2020-06-13 11:08:13,2020-06-13
1666643264642793480,25,6,2020-06-13,2020-06-13 11:08:13,2020-06-13
1666643264642793481,482,30,2020-06-13,2020-06-13 11:08:13,2020-06-13
1666643264642793482,621,17,2020-06-13,2020-06-13 11:08:13,2020-06-13
1666643264651182081,616,23,2020-06-13,2020-06-13 11:08:13,2020-06-13
1666643264651182082,259,12,2020-06-13,2020-06-13 11:08:13,2020-06-13
1666643264651182083,643,9,2020-06-13,2020-06-13 11:08:13,2020-06-13
1666643264651182084,31,24,2020-06-13,2020-06-13 11:08:13,2020-06-13
1666643264651182085,505,6,2020-06-13,2020-06-13 11:08:13,2020-06-13
1666643264651182086,124,23,2020-06-13,2020-06-13 11:08:13,2020-06-13
1666643264651182087,346,21,2020-06-13,2020-06-13 11:08:13,2020-06-13
1666643264655376385,595,5,2020-06-13,2020-06-13 11:08:13,2020-06-13
1666643264655376386,504,5,2020-06-13,2020-06-13 11:08:13,2020-06-13
1666643264655376387,387,33,2020-06-13,2020-06-13 11:08:13,2020-06-13
1666643264655376388,201,22,2020-06-13,2020-06-13 11:08:13,2020-06-13
1666643264655376389,423,14,2020-06-13,2020-06-13 11:08:13,2020-06-13
1666643264655376390,630,27,2020-06-13,2020-06-13 11:08:13,2020-06-13
1666643264655376391,530,23,2020-06-13,2020-06-13 11:08:13,2020-06-13
1666643264655376392,621,14,2020-06-13,2020-06-13 11:08:13,2020-06-13
1666643264659570690,708,23,2020-06-13,2020-06-13 11:08:13,2020-06-13
1666643264659570691,768,3,2020-06-13,2020-06-13 11:08:13,2020-06-13
1666643264659570692,315,15,2020-06-13,2020-06-13 11:08:13,2020-06-13
1666737593663201282,618,18,2020-06-14,2020-06-14 17:23:03,2020-06-14
1666737593671589890,2428,25,2020-06-14,2020-06-14 17:23:03,2020-06-14
1666737593671589891,2561,2,2020-06-14,2020-06-14 17:23:03,2020-06-14
1666737593671589892,1495,8,2020-06-14,2020-06-14 17:23:03,2020-06-14
1666737593671589893,1366,34,2020-06-14,2020-06-14 17:23:03,2020-06-14
1666737593671589894,1759,28,2020-06-14,2020-06-14 17:23:03,2020-06-14
1666737593671589895,1301,31,2020-06-14,2020-06-14 17:23:03,2020-06-14
1666737593671589896,2090,31,2020-06-14,2020-06-14 17:23:03,2020-06-14
1666737593671589897,1140,10,2020-06-14,2020-06-14 17:23:03,2020-06-14
1666737593671589898,2432,35,2020-06-14,2020-06-14 17:23:03,2020-06-14
1666737593671589899,128,34,2020-06-14,2020-06-14 17:23:03,2020-06-14
1666737593671589900,1927,15,2020-06-14,2020-06-14 17:23:03,2020-06-14
1666737593671589901,2836,29,2020-06-14,2020-06-14 17:23:03,2020-06-14
1666737593671589902,668,2,2020-06-14,2020-06-14 17:23:03,2020-06-14
1666737593671589903,1253,20,2020-06-14,2020-06-14 17:23:03,2020-06-14
1666737593671589904,2472,28,2020-06-14,2020-06-14 17:23:03,2020-06-14
1666737593671589905,2804,9,2020-06-14,2020-06-14 17:23:03,2020-06-14
1666737593671589906,766,28,2020-06-14,2020-06-14 17:23:03,2020-06-14
1666737593671589907,2157,1,2020-06-14,2020-06-14 17:23:03,2020-06-14
1666737593671589908,2842,1,2020-06-14,2020-06-14 17:23:03,2020-06-14
1666737593671589909,301,11,2020-06-14,2020-06-14 17:23:03,2020-06-14
1666737593671589910,2519,13,2020-06-14,2020-06-14 17:23:03,2020-06-14
1666737593671589911,1945,31,2020-06-14,2020-06-14 17:23:03,2020-06-14
1666737593671589912,1312,18,2020-06-14,2020-06-14 17:23:03,2020-06-14
1666737593671589913,1817,3,2020-06-14,2020-06-14 17:23:03,2020-06-14
1666737593671589914,2686,31,2020-06-14,2020-06-14 17:23:03,2020-06-14
1666737593671589915,1493,24,2020-06-14,2020-06-14 17:23:03,2020-06-14
1666737593671589916,1662,19,2020-06-14,2020-06-14 17:23:03,2020-06-14
1666737593671589917,2625,23,2020-06-14,2020-06-14 17:23:03,2020-06-14
1666737593713532929,2708,33,2020-06-14,2020-06-14 17:23:03,2020-06-14
1666737593713532930,239,9,2020-06-14,2020-06-14 17:23:03,2020-06-14
1666737593713532931,455,28,2020-06-14,2020-06-14 17:23:03,2020-06-14
1666737593713532932,1405,8,2020-06-14,2020-06-14 17:23:03,2020-06-14
1666737593713532933,2986,16,2020-06-14,2020-06-14 17:23:03,2020-06-14
1666737593713532934,2865,35,2020-06-14,2020-06-14 17:23:03,2020-06-14
1666737593717727234,988,22,2020-06-14,2020-06-14 17:23:03,2020-06-14
1666737593717727235,1689,25,2020-06-14,2020-06-14 17:23:03,2020-06-14
1666737593717727236,2414,11,2020-06-14,2020-06-14 17:23:03,2020-06-14
1666737593717727237,2120,3,2020-06-14,2020-06-14 17:23:03,2020-06-14
1666737593721921538,2649,33,2020-06-14,2020-06-14 17:23:03,2020-06-14
1666737593726115842,1419,28,2020-06-14,2020-06-14 17:23:03,2020-06-14
1666737593726115843,1020,28,2020-06-14,2020-06-14 17:23:03,2020-06-14
1666737593742893058,2538,29,2020-06-14,2020-06-14 17:23:03,2020-06-14
1666737593742893059,2744,1,2020-06-14,2020-06-14 17:23:03,2020-06-14
1666737593755475970,488,23,2020-06-14,2020-06-14 17:23:03,2020-06-14
1666737593763864578,102,12,2020-06-14,2020-06-14 17:23:03,2020-06-14
1666737593763864579,2270,26,2020-06-14,2020-06-14 17:23:03,2020-06-14
1666737593763864580,1723,18,2020-06-14,2020-06-14 17:23:03,2020-06-14
1666737593763864581,330,8,2020-06-14,2020-06-14 17:23:03,2020-06-14
1666737593763864582,2382,23,2020-06-14,2020-06-14 17:23:03,2020-06-14
1666737593763864583,1464,4,2020-06-14,2020-06-14 17:23:03,2020-06-14
1666737593763864584,1394,20,2020-06-14,2020-06-14 17:23:03,2020-06-14
1666737593763864585,2209,24,2020-06-14,2020-06-14 17:23:03,2020-06-14
1666737593763864586,1857,10,2020-06-14,2020-06-14 17:23:03,2020-06-14
1666737593763864587,2862,22,2020-06-14,2020-06-14 17:23:03,2020-06-14
1666737593763864588,2401,3,2020-06-14,2020-06-14 17:23:03,2020-06-14
1666737593776447490,7,17,2020-06-14,2020-06-14 17:23:03,2020-06-14
1666737593776447491,587,18,2020-06-14,2020-06-14 17:23:03,2020-06-14
1666737593776447492,194,21,2020-06-14,2020-06-14 17:23:03,2020-06-14
1666737593776447493,607,22,2020-06-14,2020-06-14 17:23:03,2020-06-14
1666737593776447494,2384,22,2020-06-14,2020-06-14 17:23:03,2020-06-14
1666737593776447495,2645,29,2020-06-14,2020-06-14 17:23:03,2020-06-14
1666737593776447496,2592,20,2020-06-14,2020-06-14 17:23:03,2020-06-14
1666737593776447497,1201,6,2020-06-14,2020-06-14 17:23:03,2020-06-14
1666737593784836098,884,11,2020-06-14,2020-06-14 17:23:03,2020-06-14
1666737593784836099,2863,22,2020-06-14,2020-06-14 17:23:03,2020-06-14
1666737593784836100,571,21,2020-06-14,2020-06-14 17:23:03,2020-06-14
1666737593784836101,465,17,2020-06-14,2020-06-14 17:23:03,2020-06-14
1666737593789030401,563,21,2020-06-14,2020-06-14 17:23:03,2020-06-14
1666737593789030402,2983,32,2020-06-14,2020-06-14 17:23:03,2020-06-14
1666737593789030403,749,1,2020-06-14,2020-06-14 17:23:03,2020-06-14
1666737593789030404,2749,12,2020-06-14,2020-06-14 17:23:03,2020-06-14
1666737593789030405,2371,29,2020-06-14,2020-06-14 17:23:03,2020-06-14
1666737593793224705,443,34,2020-06-14,2020-06-14 17:23:03,2020-06-14
1666737593793224706,2918,7,2020-06-14,2020-06-14 17:23:03,2020-06-14
1666737593793224707,1474,15,2020-06-14,2020-06-14 17:23:03,2020-06-14
1666737593793224708,2611,4,2020-06-14,2020-06-14 17:23:03,2020-06-14
1666737593793224709,2033,25,2020-06-14,2020-06-14 17:23:03,2020-06-14
1666737593793224710,992,29,2020-06-14,2020-06-14 17:23:03,2020-06-14
1666737593793224711,2911,34,2020-06-14,2020-06-14 17:23:03,2020-06-14
1666737593793224712,2677,24,2020-06-14,2020-06-14 17:23:03,2020-06-14
1666737593793224713,1272,17,2020-06-14,2020-06-14 17:23:03,2020-06-14
1666737593793224714,1108,14,2020-06-14,2020-06-14 17:23:03,2020-06-14
1666737593797419009,113,33,2020-06-14,2020-06-14 17:23:03,2020-06-14
1666737593797419010,2047,23,2020-06-14,2020-06-14 17:23:03,2020-06-14
1666737593797419011,2496,22,2020-06-14,2020-06-14 17:23:03,2020-06-14
1666737593797419012,2684,25,2020-06-14,2020-06-14 17:23:03,2020-06-14
1666737593801613314,2284,30,2020-06-14,2020-06-14 17:23:03,2020-06-14
1666737593801613315,925,1,2020-06-14,2020-06-14 17:23:03,2020-06-14
1666737593801613316,361,23,2020-06-14,2020-06-14 17:23:03,2020-06-14
1666737593801613317,949,14,2020-06-14,2020-06-14 17:23:03,2020-06-14
1666737593801613318,1665,19,2020-06-14,2020-06-14 17:23:03,2020-06-14
1666737593801613319,1529,12,2020-06-14,2020-06-14 17:23:03,2020-06-14
1666737593801613320,2317,29,2020-06-14,2020-06-14 17:23:03,2020-06-14
1666737593810001921,2710,34,2020-06-14,2020-06-14 17:23:03,2020-06-14
1666737593810001922,2416,4,2020-06-14,2020-06-14 17:23:03,2020-06-14
1666737593810001923,1599,22,2020-06-14,2020-06-14 17:23:03,2020-06-14
1666737593810001924,1161,32,2020-06-14,2020-06-14 17:23:03,2020-06-14
1666737593810001925,620,34,2020-06-14,2020-06-14 17:23:03,2020-06-14
1666737593810001926,2755,24,2020-06-14,2020-06-14 17:23:03,2020-06-14
1666643423866994690,370,23,2020-06-15,2020-06-15 11:08:51,2020-06-15
1666643423866994691,188,25,2020-06-15,2020-06-15 11:08:51,2020-06-15
1666643423866994692,159,3,2020-06-15,2020-06-15 11:08:51,2020-06-15
1666643423879577601,72,20,2020-06-15,2020-06-15 11:08:51,2020-06-15
1666643423879577602,81,1,2020-06-15,2020-06-15 11:08:51,2020-06-15
1666643423879577603,918,28,2020-06-15,2020-06-15 11:08:51,2020-06-15
1666643423879577604,468,15,2020-06-15,2020-06-15 11:08:51,2020-06-15
1666643423879577605,1106,22,2020-06-15,2020-06-15 11:08:51,2020-06-15
1666643423887966210,509,10,2020-06-15,2020-06-15 11:08:51,2020-06-15
1666643423887966211,719,4,2020-06-15,2020-06-15 11:08:51,2020-06-15
1666643423887966212,797,3,2020-06-15,2020-06-15 11:08:51,2020-06-15
1666643423887966213,590,11,2020-06-15,2020-06-15 11:08:51,2020-06-15
1666643423887966214,725,29,2020-06-15,2020-06-15 11:08:51,2020-06-15
1666643423887966215,828,22,2020-06-15,2020-06-15 11:08:51,2020-06-15
1666643423892160514,915,8,2020-06-15,2020-06-15 11:08:51,2020-06-15
1666643423892160515,443,16,2020-06-15,2020-06-15 11:08:51,2020-06-15
1666643423892160516,521,16,2020-06-15,2020-06-15 11:08:51,2020-06-15
1666643423892160517,672,22,2020-06-15,2020-06-15 11:08:51,2020-06-15
1666643423892160518,622,2,2020-06-15,2020-06-15 11:08:51,2020-06-15
1666643423892160519,696,5,2020-06-15,2020-06-15 11:08:51,2020-06-15
1666643423892160520,416,22,2020-06-15,2020-06-15 11:08:51,2020-06-15
1666643423896354817,133,20,2020-06-15,2020-06-15 11:08:51,2020-06-15
1666643423896354818,1024,19,2020-06-15,2020-06-15 11:08:51,2020-06-15
1666643423896354819,806,13,2020-06-15,2020-06-15 11:08:51,2020-06-15
1666643423896354820,1066,17,2020-06-15,2020-06-15 11:08:51,2020-06-15
1666643423896354821,254,9,2020-06-15,2020-06-15 11:08:51,2020-06-15
1666643423896354822,186,26,2020-06-15,2020-06-15 11:08:51,2020-06-15
1666643423896354823,33,21,2020-06-15,2020-06-15 11:08:51,2020-06-15
1666643423896354824,1193,6,2020-06-15,2020-06-15 11:08:51,2020-06-15
1666643423896354825,947,9,2020-06-15,2020-06-15 11:08:51,2020-06-15
1666643423904743426,115,20,2020-06-15,2020-06-15 11:08:51,2020-06-15
1666643423904743427,76,18,2020-06-15,2020-06-15 11:08:51,2020-06-15
1666643423904743428,469,34,2020-06-15,2020-06-15 11:08:51,2020-06-15
1666643423904743429,1053,1,2020-06-15,2020-06-15 11:08:51,2020-06-15
1666643423904743430,14,23,2020-06-15,2020-06-15 11:08:51,2020-06-15
1666643423904743431,319,17,2020-06-15,2020-06-15 11:08:51,2020-06-15
1666643423904743432,877,5,2020-06-15,2020-06-15 11:08:51,2020-06-15
1666643423904743433,108,14,2020-06-15,2020-06-15 11:08:51,2020-06-15
1666643423904743434,1097,35,2020-06-15,2020-06-15 11:08:51,2020-06-15
1666643423904743435,884,23,2020-06-15,2020-06-15 11:08:51,2020-06-15
1666643423904743436,613,30,2020-06-15,2020-06-15 11:08:51,2020-06-15
1666643423904743437,498,6,2020-06-15,2020-06-15 11:08:51,2020-06-15
1666643423904743438,665,23,2020-06-15,2020-06-15 11:08:51,2020-06-15
1666643423904743439,207,27,2020-06-15,2020-06-15 11:08:51,2020-06-15
1666643423904743440,747,1,2020-06-15,2020-06-15 11:08:51,2020-06-15
1666643423904743441,154,4,2020-06-15,2020-06-15 11:08:51,2020-06-15
1666643423904743442,72,24,2020-06-15,2020-06-15 11:08:51,2020-06-15
1666643423904743443,1083,10,2020-06-15,2020-06-15 11:08:51,2020-06-15
1666643423904743444,751,34,2020-06-15,2020-06-15 11:08:51,2020-06-15
1666643423904743445,1026,9,2020-06-15,2020-06-15 11:08:51,2020-06-15
1666643423904743446,1103,27,2020-06-15,2020-06-15 11:08:51,2020-06-15
1666643423925714945,780,7,2020-06-15,2020-06-15 11:08:51,2020-06-15
1666643423925714946,206,29,2020-06-15,2020-06-15 11:08:51,2020-06-15
1666643423925714947,101,22,2020-06-15,2020-06-15 11:08:51,2020-06-15
1666643423925714948,305,28,2020-06-15,2020-06-15 11:08:51,2020-06-15
1666643423925714949,230,4,2020-06-15,2020-06-15 11:08:51,2020-06-15
1666643423925714950,1045,32,2020-06-15,2020-06-15 11:08:51,2020-06-15
1666643423925714951,851,35,2020-06-15,2020-06-15 11:08:51,2020-06-15
1666643423925714952,368,16,2020-06-15,2020-06-15 11:08:51,2020-06-15
1666643423929909250,561,22,2020-06-15,2020-06-15 11:08:51,2020-06-15
1666643423929909251,897,34,2020-06-15,2020-06-15 11:08:51,2020-06-15
1666643423929909252,351,21,2020-06-15,2020-06-15 11:08:51,2020-06-15
1666643423929909253,677,19,2020-06-15,2020-06-15 11:08:51,2020-06-15
1666643423929909254,649,17,2020-06-15,2020-06-15 11:08:51,2020-06-15
1666643423929909255,230,35,2020-06-15,2020-06-15 11:08:51,2020-06-15
1666643423938297858,432,5,2020-06-15,2020-06-15 11:08:51,2020-06-15
1666643423938297859,599,4,2020-06-15,2020-06-15 11:08:51,2020-06-15
1666643423938297860,976,16,2020-06-15,2020-06-15 11:08:51,2020-06-15
1666643423938297861,295,9,2020-06-15,2020-06-15 11:08:51,2020-06-15
1666643423938297862,909,34,2020-06-15,2020-06-15 11:08:51,2020-06-15
1666643423938297863,423,9,2020-06-15,2020-06-15 11:08:51,2020-06-15
1666643423938297864,385,23,2020-06-15,2020-06-15 11:08:51,2020-06-15
1666643423938297865,620,17,2020-06-15,2020-06-15 11:08:51,2020-06-15
1666643423938297866,226,28,2020-06-15,2020-06-15 11:08:51,2020-06-15
1666643423938297867,1161,16,2020-06-15,2020-06-15 11:08:51,2020-06-15
1666643423938297868,205,1,2020-06-15,2020-06-15 11:08:51,2020-06-15
1666643423938297869,526,7,2020-06-15,2020-06-15 11:08:51,2020-06-15
1666643423942492161,865,34,2020-06-15,2020-06-15 11:08:51,2020-06-15
1666643423942492162,293,6,2020-06-15,2020-06-15 11:08:51,2020-06-15
1666643423942492163,592,2,2020-06-15,2020-06-15 11:08:51,2020-06-15
1666643423942492164,214,28,2020-06-15,2020-06-15 11:08:51,2020-06-15
1666643423942492165,587,21,2020-06-15,2020-06-15 11:08:51,2020-06-15
1666643423942492166,121,24,2020-06-15,2020-06-15 11:08:51,2020-06-15
1666643423942492167,467,23,2020-06-15,2020-06-15 11:08:51,2020-06-15
1666643423942492168,706,34,2020-06-15,2020-06-15 11:08:51,2020-06-15
1666643423942492169,1145,5,2020-06-15,2020-06-15 11:08:51,2020-06-15
1666643423942492170,322,19,2020-06-15,2020-06-15 11:08:51,2020-06-15
1666643423942492171,1109,19,2020-06-15,2020-06-15 11:08:51,2020-06-15
1666643423942492172,349,25,2020-06-15,2020-06-15 11:08:51,2020-06-15
1666643423950880769,476,9,2020-06-15,2020-06-15 11:08:51,2020-06-15
1666643423950880770,617,14,2020-06-15,2020-06-15 11:08:51,2020-06-15
1666643423950880771,709,26,2020-06-15,2020-06-15 11:08:51,2020-06-15
1666643423950880772,857,13,2020-06-15,2020-06-15 11:08:51,2020-06-15
1666643423950880773,817,17,2020-06-15,2020-06-15 11:08:51,2020-06-15
1666643423950880774,484,5,2020-06-15,2020-06-15 11:08:51,2020-06-15
1666643423950880775,226,10,2020-06-15,2020-06-15 11:08:51,2020-06-15
1666643423955075074,549,25,2020-06-15,2020-06-15 11:08:51,2020-06-15
1666643423955075075,643,7,2020-06-15,2020-06-15 11:08:51,2020-06-15
1666643423955075076,764,10,2020-06-15,2020-06-15 11:08:51,2020-06-15
1666643423955075077,1015,14,2020-06-15,2020-06-15 11:08:51,2020-06-15
