session_id,mid_id,brand,model,operate_system,version_code,channel,during_time_1d,page_count_1d,dt
mid_773093-1592103501000,mid_773093,Xiaomi,Xiaomi 9,Android 11.0,v2.1.134,vivo,12889,2,2020-06-14
mid_227439-1592103494000,mid_227439,Honor,Honor 20s,Android 11.0,v2.1.134,xiaomi,72196,8,2020-06-14
mid_257542-1592103479000,mid_257542,iPhone,iPhone 8,iOS 13.3.1,v2.1.134,Appstore,46124,5,2020-06-14
mid_675339-1592103473000,mid_675339,Xiaomi,Xiaomi Mix2 ,Android 11.0,v2.1.134,wandoujia,2467,1,2020-06-14
mid_557057-1592103490000,mid_557057,Redmi,Redmi k30,Android 11.0,v2.1.134,oppo,15426,5,2020-06-14
mid_389448-1592103496000,mid_389448,Xiaomi,Xiaomi 9,Android 11.0,v2.1.134,huawei,12868,2,2020-06-14
mid_865156-1592103498000,mid_865156,Xiaomi,Xiaomi 10 Pro ,Android 10.0,v2.1.132,xiaomi,54467,6,2020-06-14
mid_254841-1592103490000,mid_254841,Redmi,Redmi k30,Android 11.0,v2.1.134,wandoujia,9100,2,2020-06-14
mid_236937-1592103478000,mid_236937,iPhone,iPhone X,iOS 13.3.1,v2.1.134,Appstore,122137,9,2020-06-14
mid_961722-1592103497000,mid_961722,Oneplus,Oneplus 7,Android 11.0,v2.1.134,xiaomi,103331,9,2020-06-14
mid_300061-1592103497000,mid_300061,iPhone,iPhone Xs Max,iOS 13.2.9,v2.1.134,Appstore,46229,6,2020-06-14
mid_523161-1592103502000,mid_523161,Xiaomi,Xiaomi 10 Pro ,Android 11.0,v2.1.134,xiaomi,19555,1,2020-06-14
mid_186197-1592103474000,mid_186197,iPhone,iPhone Xs,iOS 13.3.1,v2.1.134,Appstore,62168,5,2020-06-14
mid_295257-1592103501000,mid_295257,Xiaomi,Xiaomi 9,Android 10.0,v2.1.134,xiaomi,76373,8,2020-06-14
mid_827610-1592103493000,mid_827610,iPhone,iPhone Xs,iOS 13.2.3,v2.1.134,Appstore,29898,5,2020-06-14
mid_53557-1592103502000,mid_53557,Xiaomi,Xiaomi Mix2 ,Android 10.0,v2.1.134,vivo,113948,10,2020-06-14
mid_476136-1592103486000,mid_476136,vivo,vivo iqoo3,Android 11.0,v2.0.1,oppo,19719,1,2020-06-14
mid_596963-1592103503000,mid_596963,iPhone,iPhone Xs Max,iOS 13.2.3,v2.1.134,Appstore,15199,2,2020-06-14
mid_329671-1592103475000,mid_329671,iPhone,iPhone Xs Max,iOS 13.3.1,v2.1.134,Appstore,77162,10,2020-06-14
mid_266356-1592103480000,mid_266356,Xiaomi,Xiaomi 10 Pro ,Android 11.0,v2.1.134,vivo,95792,9,2020-06-14
mid_120670-1592103479000,mid_120670,iPhone,iPhone X,iOS 13.2.9,v2.1.134,Appstore,51419,6,2020-06-14
mid_955794-1592103492000,mid_955794,Xiaomi,Xiaomi Mix2 ,Android 10.0,v2.1.111,web,73857,6,2020-06-14
mid_456101-1592103485000,mid_456101,Xiaomi,Xiaomi Mix2 ,Android 11.0,v2.1.132,wandoujia,126873,9,2020-06-14
mid_263345-1592103480000,mid_263345,Xiaomi,Xiaomi 10 Pro ,Android 11.0,v2.1.132,wandoujia,75977,5,2020-06-14
mid_54253-1592103502000,mid_54253,Xiaomi,Xiaomi Mix2 ,Android 10.0,v2.1.132,vivo,20663,2,2020-06-14
mid_496630-1592103474000,mid_496630,Xiaomi,Xiaomi 10 Pro ,Android 11.0,v2.1.134,huawei,35755,5,2020-06-14
mid_869416-1592103474000,mid_869416,Xiaomi,Xiaomi 10 Pro ,Android 11.0,v2.1.134,web,79642,10,2020-06-14
mid_587275-1592103487000,mid_587275,Redmi,Redmi k30,Android 11.0,v2.1.132,oppo,121393,10,2020-06-14
mid_393930-1592103485000,mid_393930,Xiaomi,Xiaomi 10 Pro ,Android 11.0,v2.1.134,360,96345,10,2020-06-14
mid_354106-1592103477000,mid_354106,Xiaomi,Xiaomi 10 Pro ,Android 11.0,v2.1.134,xiaomi,66867,10,2020-06-14
mid_542718-1592103478000,mid_542718,Xiaomi,Xiaomi 9,Android 9.0,v2.1.132,oppo,70592,9,2020-06-14
mid_174101-1592103500000,mid_174101,Oneplus,Oneplus 7,Android 11.0,v2.1.134,huawei,96437,9,2020-06-14
mid_802469-1592103500000,mid_802469,Xiaomi,Xiaomi 9,Android 11.0,v2.0.1,xiaomi,111364,9,2020-06-14
mid_331388-1592103486000,mid_331388,iPhone,iPhone 8,iOS 12.4.1,v2.1.134,Appstore,27767,2,2020-06-14
mid_788808-1592103505000,mid_788808,Xiaomi,Xiaomi 10 Pro ,Android 10.0,v2.1.111,web,69110,9,2020-06-14
mid_385109-1592103497000,mid_385109,iPhone,iPhone X,iOS 12.4.1,v2.1.134,Appstore,29289,2,2020-06-14
mid_914369-1592103477000,mid_914369,Xiaomi,Xiaomi Mix2 ,Android 10.0,v2.1.132,oppo,34239,2,2020-06-14
mid_6116-1592103497000,mid_6116,iPhone,iPhone Xs Max,iOS 13.3.1,v2.1.134,Appstore,18446,2,2020-06-14
mid_755931-1592103488000,mid_755931,iPhone,iPhone Xs,iOS 13.3.1,v2.1.134,Appstore,101223,10,2020-06-14
mid_788907-1592103475000,mid_788907,Xiaomi,Xiaomi 10 Pro ,Android 11.0,v2.1.111,oppo,17402,2,2020-06-14
mid_894357-1592103479000,mid_894357,Xiaomi,Xiaomi 10 Pro ,Android 11.0,v2.0.1,oppo,120573,9,2020-06-14
mid_191990-1592103493000,mid_191990,iPhone,iPhone Xs,iOS 13.3.1,v2.1.134,Appstore,14875,1,2020-06-14
mid_847145-1592103473000,mid_847145,iPhone,iPhone Xs Max,iOS 13.3.1,v2.1.134,Appstore,68901,6,2020-06-14
mid_645338-1592103476000,mid_645338,Xiaomi,Xiaomi Mix2 ,Android 10.0,v2.1.134,wandoujia,59366,7,2020-06-14
mid_113356-1592103474000,mid_113356,Xiaomi,Xiaomi 10 Pro ,Android 11.0,v2.1.134,xiaomi,15708,1,2020-06-14
mid_820668-1592103504000,mid_820668,Xiaomi,Xiaomi 10 Pro ,Android 11.0,v2.1.134,oppo,119161,10,2020-06-14
mid_871147-1592103481000,mid_871147,Xiaomi,Xiaomi 9,Android 11.0,v2.1.134,wandoujia,19179,2,2020-06-14
mid_628379-1592103487000,mid_628379,iPhone,iPhone Xs Max,iOS 13.2.3,v2.1.134,Appstore,9672,1,2020-06-14
mid_10511-1592103484000,mid_10511,Xiaomi,Xiaomi 10 Pro ,Android 11.0,v2.1.134,huawei,104219,9,2020-06-14
mid_6527-1592103475000,mid_6527,iPhone,iPhone Xs,iOS 13.3.1,v2.1.134,Appstore,105256,9,2020-06-14
mid_927895-1592103497000,mid_927895,iPhone,iPhone Xs Max,iOS 13.3.1,v2.1.134,Appstore,31519,6,2020-06-14
mid_687994-1592103478000,mid_687994,iPhone,iPhone Xs,iOS 13.2.9,v2.1.134,Appstore,81309,6,2020-06-14
mid_282399-1592103484000,mid_282399,Xiaomi,Xiaomi Mix2 ,Android 11.0,v2.1.132,oppo,64275,6,2020-06-14
mid_907210-1592103491000,mid_907210,Huawei,Huawei Mate 30,Android 8.1,v2.1.132,oppo,17477,2,2020-06-14
mid_670928-1592103504000,mid_670928,Xiaomi,Xiaomi 10 Pro ,Android 11.0,v2.1.134,xiaomi,8400,1,2020-06-14
mid_913092-1592103484000,mid_913092,Xiaomi,Xiaomi 10 Pro ,Android 11.0,v2.1.134,360,93613,9,2020-06-14
mid_869604-1592103488000,mid_869604,Xiaomi,Xiaomi 10 Pro ,Android 10.0,v2.1.134,web,21330,2,2020-06-14
mid_648588-1592103478000,mid_648588,iPhone,iPhone Xs,iOS 13.3.1,v2.1.134,Appstore,3461,2,2020-06-14
mid_21352-1592103472000,mid_21352,Redmi,Redmi k30,Android 11.0,v2.1.134,vivo,14896,2,2020-06-14
mid_217502-1592103479000,mid_217502,Huawei,Huawei P30,Android 11.0,v2.1.134,xiaomi,68047,7,2020-06-14
mid_865971-1592103477000,mid_865971,Xiaomi,Xiaomi 10 Pro ,Android 11.0,v2.1.132,xiaomi,103641,9,2020-06-14
mid_289524-1592103475000,mid_289524,iPhone,iPhone X,iOS 13.3.1,v2.1.132,Appstore,46256,5,2020-06-14
mid_223928-1592103501000,mid_223928,Xiaomi,Xiaomi 9,Android 11.0,v2.1.134,wandoujia,20807,2,2020-06-14
mid_860997-1592103480000,mid_860997,Huawei,Huawei P30,Android 11.0,v2.1.134,web,63298,10,2020-06-14
mid_993425-1592103490000,mid_993425,Xiaomi,Xiaomi Mix2 ,Android 11.0,v2.1.134,xiaomi,14771,2,2020-06-14
mid_23052-1592103498000,mid_23052,iPhone,iPhone X,iOS 13.2.9,v2.1.134,Appstore,55132,9,2020-06-14
mid_383672-1592103497000,mid_383672,Honor,Honor 20s,Android 11.0,v2.1.111,oppo,20662,2,2020-06-14
mid_642376-1592103497000,mid_642376,Xiaomi,Xiaomi Mix2 ,Android 10.0,v2.1.134,oppo,53587,6,2020-06-14
mid_981821-1592103505000,mid_981821,Xiaomi,Xiaomi 10 Pro ,Android 10.0,v2.1.134,xiaomi,45659,6,2020-06-14
mid_264820-1592103489000,mid_264820,Oneplus,Oneplus 7,Android 11.0,v2.1.132,xiaomi,82673,10,2020-06-14
mid_841336-1592103479000,mid_841336,iPhone,iPhone Xs Max,iOS 13.3.1,v2.1.132,Appstore,111732,10,2020-06-14
mid_878024-1592103478000,mid_878024,iPhone,iPhone 8,iOS 13.2.9,v2.1.134,Appstore,29520,2,2020-06-14
mid_308385-1592103498000,mid_308385,iPhone,iPhone X,iOS 13.3.1,v2.1.132,Appstore,95062,9,2020-06-14
mid_111142-1592103504000,mid_111142,Sumsung,Sumsung Galaxy S20,Android 11.0,v2.1.134,oppo,46415,5,2020-06-14
mid_836432-1592103497000,mid_836432,Sumsung,Sumsung Galaxy S20,Android 11.0,v2.1.134,xiaomi,16932,2,2020-06-14
mid_480813-1592103478000,mid_480813,Xiaomi,Xiaomi 10 Pro ,Android 11.0,v2.1.134,xiaomi,46679,5,2020-06-14
mid_412165-1592103482000,mid_412165,iPhone,iPhone Xs Max,iOS 13.2.9,v2.1.134,Appstore,44380,6,2020-06-14
mid_703519-1592103501000,mid_703519,iPhone,iPhone Xs Max,iOS 13.3.1,v2.1.134,Appstore,116060,10,2020-06-14
mid_941313-1592103501000,mid_941313,Xiaomi,Xiaomi 9,Android 11.0,v2.1.134,oppo,85684,9,2020-06-14
mid_297147-1592103486000,mid_297147,Xiaomi,Xiaomi 10 Pro ,Android 11.0,v2.1.134,xiaomi,91397,8,2020-06-14
mid_68876-1592103487000,mid_68876,Xiaomi,Xiaomi 10 Pro ,Android 11.0,v2.1.134,oppo,22775,2,2020-06-14
mid_11028-1592103491000,mid_11028,Xiaomi,Xiaomi 10 Pro ,Android 11.0,v2.1.134,xiaomi,98745,7,2020-06-14
mid_67386-1592103496000,mid_67386,Xiaomi,Xiaomi 10 Pro ,Android 10.0,v2.1.132,vivo,76099,9,2020-06-14
mid_168913-1592103503000,mid_168913,iPhone,iPhone X,iOS 13.3.1,v2.1.132,Appstore,114021,9,2020-06-14
mid_512550-1592103487000,mid_512550,Sumsung,Sumsung Galaxy S20,Android 11.0,v2.1.134,xiaomi,100381,9,2020-06-14
mid_625994-1592103491000,mid_625994,Xiaomi,Xiaomi 10 Pro ,Android 10.0,v2.1.134,oppo,66360,9,2020-06-14
mid_191306-1592103500000,mid_191306,Xiaomi,Xiaomi 9,Android 11.0,v2.1.111,huawei,84495,10,2020-06-14
mid_681077-1592103493000,mid_681077,Honor,Honor 20s,Android 11.0,v2.1.134,oppo,14795,2,2020-06-14
mid_356652-1592103502000,mid_356652,Honor,Honor 20s,Android 11.0,v2.1.134,oppo,110301,10,2020-06-14
mid_199586-1592103491000,mid_199586,Xiaomi,Xiaomi 9,Android 11.0,v2.1.132,wandoujia,91551,10,2020-06-14
mid_150388-1592103490000,mid_150388,Xiaomi,Xiaomi 10 Pro ,Android 11.0,v2.1.134,xiaomi,18869,2,2020-06-14
mid_989803-1592103486000,mid_989803,iPhone,iPhone X,iOS 13.2.9,v2.1.132,Appstore,23850,2,2020-06-14
mid_2997-1592103485000,mid_2997,iPhone,iPhone X,iOS 13.2.9,v2.1.132,Appstore,69677,6,2020-06-14
mid_452562-1592103503000,mid_452562,Huawei,Huawei Mate 30,Android 11.0,v2.1.132,xiaomi,91380,8,2020-06-14
mid_256454-1592103485000,mid_256454,Xiaomi,Xiaomi 9,Android 11.0,v2.1.134,xiaomi,104892,10,2020-06-14
mid_857928-1592103481000,mid_857928,Xiaomi,Xiaomi 10 Pro ,Android 10.0,v2.1.134,web,34210,2,2020-06-14
mid_490278-1592103483000,mid_490278,vivo,vivo iqoo3,Android 11.0,v2.1.134,xiaomi,84130,9,2020-06-14
mid_31165-1592103498000,mid_31165,Xiaomi,Xiaomi Mix2 ,Android 11.0,v2.1.132,wandoujia,6557,2,2020-06-14
mid_356598-1592103483000,mid_356598,Honor,Honor 20s,Android 10.0,v2.1.132,huawei,107095,10,2020-06-14
mid_388991-1592103490000,mid_388991,Xiaomi,Xiaomi 10 Pro ,Android 11.0,v2.1.134,huawei,33471,5,2020-06-14
mid_668822-1592103482000,mid_668822,iPhone,iPhone Xs Max,iOS 13.2.3,v2.1.134,Appstore,121131,9,2020-06-14
mid_828472-1592103488000,mid_828472,iPhone,iPhone 8,iOS 13.3.1,v2.1.134,Appstore,33322,6,2020-06-14
mid_606239-1592103476000,mid_606239,iPhone,iPhone 8,iOS 13.3.1,v2.1.134,Appstore,88014,10,2020-06-14
mid_804087-1592103491000,mid_804087,Xiaomi,Xiaomi 9,Android 11.0,v2.1.111,wandoujia,95690,10,2020-06-14
mid_435897-1592103505000,mid_435897,Xiaomi,Xiaomi 9,Android 11.0,v2.1.134,oppo,104758,10,2020-06-14
mid_960931-1592103477000,mid_960931,Xiaomi,Xiaomi 9,Android 11.0,v2.1.134,oppo,53189,6,2020-06-14
mid_681011-1592103498000,mid_681011,Xiaomi,Xiaomi 9,Android 8.1,v2.1.134,360,76591,9,2020-06-14
mid_249808-1592103500000,mid_249808,iPhone,iPhone Xs,iOS 13.2.3,v2.1.134,Appstore,26359,2,2020-06-14
mid_904136-1592103480000,mid_904136,Xiaomi,Xiaomi 9,Android 10.0,v2.1.132,xiaomi,22802,2,2020-06-14
mid_21411-1592103478000,mid_21411,iPhone,iPhone Xs,iOS 13.2.3,v2.0.1,Appstore,93053,9,2020-06-14
mid_466033-1592103489000,mid_466033,Xiaomi,Xiaomi Mix2 ,Android 11.0,v2.1.132,xiaomi,82718,10,2020-06-14
mid_947547-1592103495000,mid_947547,Xiaomi,Xiaomi 10 Pro ,Android 11.0,v2.1.134,wandoujia,63279,8,2020-06-14
mid_600674-1592103505000,mid_600674,vivo,vivo iqoo3,Android 11.0,v2.1.134,web,65283,7,2020-06-14
mid_486426-1592103505000,mid_486426,Redmi,Redmi k30,Android 10.0,v2.1.132,xiaomi,20961,2,2020-06-14
mid_6625-1592103487000,mid_6625,iPhone,iPhone 8,iOS 13.3.1,v2.1.134,Appstore,128882,9,2020-06-14
mid_774526-1592103481000,mid_774526,Huawei,Huawei P30,Android 10.0,v2.1.134,oppo,89950,9,2020-06-14
mid_358815-1592103486000,mid_358815,Redmi,Redmi k30,Android 11.0,v2.0.1,xiaomi,7300,1,2020-06-14
mid_975700-1592103490000,mid_975700,vivo,vivo iqoo3,Android 11.0,v2.1.132,oppo,8313,1,2020-06-14
mid_529623-1592103486000,mid_529623,Xiaomi,Xiaomi 10 Pro ,Android 11.0,v2.1.134,xiaomi,108702,10,2020-06-14
mid_819184-1592103488000,mid_819184,Xiaomi,Xiaomi 9,Android 11.0,v2.1.134,xiaomi,133542,9,2020-06-14
mid_911477-1592103483000,mid_911477,Honor,Honor 20s,Android 9.0,v2.1.134,vivo,73637,9,2020-06-14
mid_269442-1592103502000,mid_269442,iPhone,iPhone X,iOS 13.3.1,v2.1.111,Appstore,116209,10,2020-06-14
mid_627113-1592103493000,mid_627113,Xiaomi,Xiaomi 10 Pro ,Android 11.0,v2.1.111,oppo,101325,8,2020-06-14
mid_82292-1592103492000,mid_82292,vivo,vivo iqoo3,Android 11.0,v2.1.132,oppo,94683,9,2020-06-14
mid_442404-1592103504000,mid_442404,Xiaomi,Xiaomi 9,Android 10.0,v2.1.134,oppo,80940,9,2020-06-14
mid_850568-1592103473000,mid_850568,Oneplus,Oneplus 7,Android 11.0,v2.1.134,360,65250,6,2020-06-14
mid_848372-1592103486000,mid_848372,Huawei,Huawei Mate 30,Android 9.0,v2.1.134,xiaomi,34647,5,2020-06-14
mid_112097-1592103495000,mid_112097,Xiaomi,Xiaomi 9,Android 8.1,v2.1.134,wandoujia,112190,9,2020-06-14
mid_532540-1592103476000,mid_532540,Huawei,Huawei P30,Android 11.0,v2.1.134,oppo,46240,6,2020-06-14
mid_102912-1592103506000,mid_102912,vivo,vivo iqoo3,Android 8.1,v2.1.132,oppo,3161,1,2020-06-14
mid_526478-1592103477000,mid_526478,vivo,vivo iqoo3,Android 11.0,v2.1.134,360,83589,8,2020-06-14
mid_340499-1592103481000,mid_340499,iPhone,iPhone X,iOS 13.2.9,v2.1.134,Appstore,95039,9,2020-06-14
mid_119039-1592103473000,mid_119039,iPhone,iPhone Xs,iOS 13.2.9,v2.1.132,Appstore,60865,10,2020-06-14
mid_426894-1592103485000,mid_426894,Xiaomi,Xiaomi 9,Android 9.0,v2.1.134,xiaomi,72001,9,2020-06-14
mid_909430-1592103496000,mid_909430,Xiaomi,Xiaomi Mix2 ,Android 11.0,v2.1.134,oppo,100655,9,2020-06-14
mid_73035-1592103482000,mid_73035,Huawei,Huawei P30,Android 10.0,v2.1.134,xiaomi,117855,9,2020-06-14
mid_427167-1592103498000,mid_427167,Xiaomi,Xiaomi Mix2 ,Android 11.0,v2.1.134,web,46854,5,2020-06-14
mid_759465-1592103479000,mid_759465,iPhone,iPhone X,iOS 13.3.1,v2.1.134,Appstore,87163,7,2020-06-14
mid_735524-1592103476000,mid_735524,Xiaomi,Xiaomi Mix2 ,Android 8.1,v2.1.134,xiaomi,56964,6,2020-06-14
mid_231033-1592103490000,mid_231033,Xiaomi,Xiaomi 9,Android 11.0,v2.1.134,360,103270,9,2020-06-14
mid_588471-1592103483000,mid_588471,Xiaomi,Xiaomi 9,Android 8.1,v2.1.134,oppo,75906,9,2020-06-14
mid_667358-1592103490000,mid_667358,Xiaomi,Xiaomi 9,Android 10.0,v2.1.134,oppo,69141,9,2020-06-14
mid_750569-1592103498000,mid_750569,Oneplus,Oneplus 7,Android 9.0,v2.1.134,oppo,119924,9,2020-06-14
mid_198722-1592103492000,mid_198722,vivo,vivo iqoo3,Android 10.0,v2.1.134,vivo,5711,1,2020-06-14
mid_94075-1592103482000,mid_94075,vivo,vivo iqoo3,Android 10.0,v2.1.134,xiaomi,99530,10,2020-06-14
mid_60124-1592103494000,mid_60124,iPhone,iPhone 8,iOS 13.3.1,v2.1.132,Appstore,96120,10,2020-06-14
mid_555979-1592103504000,mid_555979,Huawei,Huawei Mate 30,Android 11.0,v2.1.132,oppo,68465,9,2020-06-14
mid_556385-1592103476000,mid_556385,Xiaomi,Xiaomi 9,Android 11.0,v2.1.134,xiaomi,137572,10,2020-06-14
mid_890093-1592103479000,mid_890093,Xiaomi,Xiaomi 9,Android 11.0,v2.1.134,wandoujia,83194,7,2020-06-14
mid_266408-1592103492000,mid_266408,vivo,vivo iqoo3,Android 11.0,v2.1.134,xiaomi,78699,10,2020-06-14
mid_618742-1592103492000,mid_618742,Xiaomi,Xiaomi 9,Android 11.0,v2.1.134,xiaomi,40616,5,2020-06-14
mid_464646-1592103485000,mid_464646,iPhone,iPhone 8,iOS 13.3.1,v2.1.134,Appstore,9009,1,2020-06-14
mid_593748-1592103495000,mid_593748,Oneplus,Oneplus 7,Android 11.0,v2.1.134,xiaomi,11519,2,2020-06-14
mid_181797-1592103502000,mid_181797,Xiaomi,Xiaomi 10 Pro ,Android 11.0,v2.1.132,xiaomi,123436,9,2020-06-14
mid_643897-1592103493000,mid_643897,iPhone,iPhone 8,iOS 13.3.1,v2.1.111,Appstore,67153,7,2020-06-14
mid_812468-1592103481000,mid_812468,Xiaomi,Xiaomi Mix2 ,Android 11.0,v2.0.1,wandoujia,80777,10,2020-06-14
mid_496845-1592103496000,mid_496845,Huawei,Huawei Mate 30,Android 11.0,v2.1.134,vivo,17268,2,2020-06-14
mid_129051-1592103494000,mid_129051,iPhone,iPhone X,iOS 13.2.3,v2.1.132,Appstore,6980,1,2020-06-14
mid_166464-1592103494000,mid_166464,Xiaomi,Xiaomi Mix2 ,Android 10.0,v2.1.134,oppo,76797,9,2020-06-14
mid_590512-1592103475000,mid_590512,Xiaomi,Xiaomi 10 Pro ,Android 11.0,v2.1.134,xiaomi,20108,2,2020-06-14
mid_138575-1592103499000,mid_138575,Xiaomi,Xiaomi 10 Pro ,Android 11.0,v2.1.134,wandoujia,37206,5,2020-06-14
mid_174122-1592103480000,mid_174122,vivo,vivo iqoo3,Android 11.0,v2.1.134,xiaomi,15262,2,2020-06-14
mid_262094-1592103496000,mid_262094,Oneplus,Oneplus 7,Android 11.0,v2.1.132,vivo,82668,9,2020-06-14
mid_786210-1592103499000,mid_786210,Huawei,Huawei Mate 30,Android 11.0,v2.1.134,vivo,59726,6,2020-06-14
mid_425564-1592103492000,mid_425564,iPhone,iPhone 8,iOS 13.3.1,v2.1.134,Appstore,97723,9,2020-06-14
mid_603717-1592103476000,mid_603717,Xiaomi,Xiaomi 9,Android 11.0,v2.1.134,xiaomi,17023,2,2020-06-14
mid_886240-1592103493000,mid_886240,Xiaomi,Xiaomi 10 Pro ,Android 11.0,v2.1.134,vivo,121249,10,2020-06-14
mid_14568-1592103488000,mid_14568,vivo,vivo iqoo3,Android 11.0,v2.1.134,huawei,78816,10,2020-06-14
mid_643319-1592103484000,mid_643319,Xiaomi,Xiaomi 10 Pro ,Android 11.0,v2.1.134,oppo,116765,8,2020-06-14
mid_313726-1592103482000,mid_313726,iPhone,iPhone Xs,iOS 13.3.1,v2.1.132,Appstore,50985,6,2020-06-14
mid_220913-1592103498000,mid_220913,Xiaomi,Xiaomi Mix2 ,Android 11.0,v2.1.134,xiaomi,22910,2,2020-06-14
mid_634679-1592103492000,mid_634679,Redmi,Redmi k30,Android 11.0,v2.1.134,oppo,76838,5,2020-06-14
mid_936689-1592103503000,mid_936689,iPhone,iPhone Xs,iOS 13.2.9,v2.1.134,Appstore,89874,9,2020-06-14
mid_850292-1592103486000,mid_850292,Xiaomi,Xiaomi 9,Android 10.0,v2.1.134,oppo,81496,10,2020-06-14
mid_283635-1592103492000,mid_283635,iPhone,iPhone 8,iOS 13.2.9,v2.1.134,Appstore,50162,5,2020-06-14
mid_335539-1592103474000,mid_335539,Xiaomi,Xiaomi 9,Android 11.0,v2.1.134,xiaomi,21220,2,2020-06-14
mid_857586-1592103503000,mid_857586,Xiaomi,Xiaomi Mix2 ,Android 11.0,v2.1.134,xiaomi,32065,2,2020-06-14
mid_203904-1592103477000,mid_203904,Xiaomi,Xiaomi Mix2 ,Android 11.0,v2.1.134,huawei,119053,10,2020-06-14
mid_668009-1592103502000,mid_668009,Xiaomi,Xiaomi Mix2 ,Android 10.0,v2.1.134,huawei,60623,5,2020-06-14
mid_734067-1592103475000,mid_734067,Sumsung,Sumsung Galaxy S20,Android 11.0,v2.1.134,xiaomi,27282,2,2020-06-14
mid_56429-1592103478000,mid_56429,Huawei,Huawei Mate 30,Android 11.0,v2.1.134,oppo,77204,8,2020-06-14
mid_632934-1592103498000,mid_632934,Oneplus,Oneplus 7,Android 11.0,v2.1.134,wandoujia,67101,7,2020-06-14
mid_332519-1592103475000,mid_332519,vivo,vivo iqoo3,Android 11.0,v2.1.134,360,89403,9,2020-06-14
mid_839136-1592103480000,mid_839136,iPhone,iPhone Xs Max,iOS 13.2.9,v2.1.134,Appstore,67892,6,2020-06-14
mid_948589-1592103495000,mid_948589,iPhone,iPhone 8,iOS 13.2.9,v2.1.134,Appstore,82371,8,2020-06-14
mid_975242-1592103476000,mid_975242,Oneplus,Oneplus 7,Android 11.0,v2.1.134,huawei,99599,10,2020-06-14
mid_695665-1592103488000,mid_695665,Xiaomi,Xiaomi 10 Pro ,Android 11.0,v2.1.111,web,5067,1,2020-06-14
mid_772925-1592103506000,mid_772925,Xiaomi,Xiaomi 10 Pro ,Android 8.1,v2.1.132,xiaomi,60395,5,2020-06-14
mid_859073-1592103483000,mid_859073,Xiaomi,Xiaomi 10 Pro ,Android 9.0,v2.1.132,xiaomi,103081,8,2020-06-14
mid_842303-1592103490000,mid_842303,Xiaomi,Xiaomi 9,Android 11.0,v2.1.134,xiaomi,103287,10,2020-06-14
mid_776507-1592103489000,mid_776507,iPhone,iPhone 8,iOS 13.3.1,v2.1.111,Appstore,47241,9,2020-06-14
mid_842896-1592103494000,mid_842896,Xiaomi,Xiaomi Mix2 ,Android 10.0,v2.0.1,oppo,73295,9,2020-06-14
mid_307396-1592103502000,mid_307396,Redmi,Redmi k30,Android 11.0,v2.1.134,wandoujia,20279,2,2020-06-14
mid_40794-1592103495000,mid_40794,vivo,vivo iqoo3,Android 11.0,v2.1.134,xiaomi,17270,2,2020-06-14
mid_810380-1592103493000,mid_810380,iPhone,iPhone Xs Max,iOS 13.2.9,v2.1.132,Appstore,43393,5,2020-06-14
mid_705336-1592103476000,mid_705336,Redmi,Redmi k30,Android 11.0,v2.1.132,xiaomi,10545,2,2020-06-14
mid_363179-1592103493000,mid_363179,iPhone,iPhone Xs,iOS 13.2.9,v2.1.111,Appstore,101237,9,2020-06-14
mid_713384-1592103488000,mid_713384,Redmi,Redmi k30,Android 8.1,v2.1.134,wandoujia,46352,6,2020-06-14
mid_388015-1592103486000,mid_388015,Xiaomi,Xiaomi 9,Android 11.0,v2.1.132,huawei,21345,2,2020-06-14
mid_283918-1592103486000,mid_283918,Xiaomi,Xiaomi 9,Android 11.0,v2.1.134,xiaomi,93408,9,2020-06-14
mid_508054-1592103497000,mid_508054,Xiaomi,Xiaomi Mix2 ,Android 11.0,v2.1.134,oppo,85887,9,2020-06-14
mid_52195-1592103487000,mid_52195,iPhone,iPhone X,iOS 13.2.3,v2.1.134,Appstore,39072,5,2020-06-14
mid_347093-1592103478000,mid_347093,Xiaomi,Xiaomi 10 Pro ,Android 11.0,v2.1.134,xiaomi,115515,10,2020-06-14
mid_835022-1592103502000,mid_835022,Xiaomi,Xiaomi 10 Pro ,Android 10.0,v2.1.134,xiaomi,106293,9,2020-06-14
mid_168343-1592103499000,mid_168343,iPhone,iPhone 8,iOS 13.2.9,v2.1.134,Appstore,76765,5,2020-06-14
mid_216886-1592103506000,mid_216886,iPhone,iPhone Xs Max,iOS 13.2.9,v2.1.134,Appstore,93739,9,2020-06-14
mid_734766-1592103480000,mid_734766,Honor,Honor 20s,Android 11.0,v2.1.132,xiaomi,78914,6,2020-06-14
mid_49943-1592103496000,mid_49943,iPhone,iPhone 8,iOS 13.3.1,v2.1.134,Appstore,113085,9,2020-06-14
mid_547124-1592103473000,mid_547124,iPhone,iPhone Xs Max,iOS 13.3.1,v2.1.134,Appstore,90192,10,2020-06-14
mid_81367-1592103494000,mid_81367,Xiaomi,Xiaomi Mix2 ,Android 8.1,v2.1.134,oppo,73773,10,2020-06-14
mid_785268-1592103500000,mid_785268,Huawei,Huawei Mate 30,Android 10.0,v2.1.134,huawei,78366,7,2020-06-14
mid_258696-1592103476000,mid_258696,vivo,vivo iqoo3,Android 11.0,v2.1.134,xiaomi,16195,1,2020-06-14
mid_27278-1592103501000,mid_27278,iPhone,iPhone X,iOS 13.3.1,v2.0.1,Appstore,80956,6,2020-06-14
mid_440417-1592103492000,mid_440417,iPhone,iPhone Xs,iOS 13.3.1,v2.1.134,Appstore,28091,2,2020-06-14
mid_322915-1592103493000,mid_322915,Xiaomi,Xiaomi Mix2 ,Android 11.0,v2.1.134,wandoujia,13495,2,2020-06-14
mid_515485-1592103491000,mid_515485,iPhone,iPhone X,iOS 12.4.1,v2.1.134,Appstore,85686,9,2020-06-14
mid_226014-1592103503000,mid_226014,Xiaomi,Xiaomi Mix2 ,Android 9.0,v2.1.134,xiaomi,64281,6,2020-06-14
mid_544380-1592103480000,mid_544380,iPhone,iPhone Xs Max,iOS 13.3.1,v2.1.134,Appstore,15867,2,2020-06-14
mid_350212-1592103483000,mid_350212,iPhone,iPhone 8,iOS 13.3.1,v2.1.134,Appstore,63226,5,2020-06-14
mid_140673-1592103477000,mid_140673,iPhone,iPhone Xs Max,iOS 13.3.1,v2.1.134,Appstore,66708,6,2020-06-14
mid_527572-1592103493000,mid_527572,iPhone,iPhone 8,iOS 13.2.3,v2.1.132,Appstore,106533,10,2020-06-14
mid_233475-1592103488000,mid_233475,Xiaomi,Xiaomi 10 Pro ,Android 9.0,v2.1.132,wandoujia,96374,9,2020-06-14
mid_269380-1592103506000,mid_269380,Xiaomi,Xiaomi 9,Android 11.0,v2.1.134,xiaomi,107324,9,2020-06-14
mid_170023-1592103502000,mid_170023,Oneplus,Oneplus 7,Android 11.0,v2.1.132,vivo,95357,9,2020-06-14
mid_721760-1592103491000,mid_721760,Honor,Honor 20s,Android 9.0,v2.1.134,xiaomi,56926,9,2020-06-14
mid_89929-1592103491000,mid_89929,Xiaomi,Xiaomi 9,Android 11.0,v2.1.134,web,55353,5,2020-06-14
mid_699098-1592103488000,mid_699098,iPhone,iPhone Xs,iOS 13.3.1,v2.1.134,Appstore,74561,9,2020-06-14
mid_685366-1592103487000,mid_685366,Xiaomi,Xiaomi Mix2 ,Android 11.0,v2.1.134,360,87815,9,2020-06-14
mid_370573-1592103474000,mid_370573,Xiaomi,Xiaomi 9,Android 11.0,v2.1.134,web,90917,9,2020-06-14
mid_757617-1592103500000,mid_757617,Honor,Honor 20s,Android 10.0,v2.1.134,oppo,109649,10,2020-06-14
mid_623769-1592103481000,mid_623769,iPhone,iPhone Xs Max,iOS 13.2.3,v2.1.132,Appstore,102726,9,2020-06-14
mid_691280-1592103503000,mid_691280,Redmi,Redmi k30,Android 11.0,v2.0.1,oppo,98022,10,2020-06-14
mid_364886-1592103494000,mid_364886,Huawei,Huawei P30,Android 11.0,v2.1.134,oppo,1897,1,2020-06-14
mid_200292-1592103501000,mid_200292,Xiaomi,Xiaomi 9,Android 10.0,v2.1.134,xiaomi,82140,9,2020-06-14
mid_477127-1592103493000,mid_477127,iPhone,iPhone 8,iOS 13.3.1,v2.1.134,Appstore,13150,2,2020-06-14
mid_432871-1592103479000,mid_432871,iPhone,iPhone Xs Max,iOS 13.2.9,v2.1.134,Appstore,104555,10,2020-06-14
mid_271244-1592103504000,mid_271244,Xiaomi,Xiaomi Mix2 ,Android 11.0,v2.1.132,xiaomi,76124,8,2020-06-14
mid_980402-1592103492000,mid_980402,Huawei,Huawei P30,Android 11.0,v2.1.134,360,118627,9,2020-06-14
mid_167139-1592103486000,mid_167139,iPhone,iPhone Xs Max,iOS 13.2.9,v2.1.134,Appstore,84910,9,2020-06-14
mid_978807-1592103483000,mid_978807,Oneplus,Oneplus 7,Android 10.0,v2.1.134,360,121152,10,2020-06-14
mid_542952-1592103473000,mid_542952,Redmi,Redmi k30,Android 11.0,v2.1.134,360,65595,6,2020-06-14
mid_511868-1592103489000,mid_511868,Redmi,Redmi k30,Android 11.0,v2.1.111,xiaomi,95283,10,2020-06-14
mid_663869-1592103495000,mid_663869,iPhone,iPhone Xs Max,iOS 13.2.9,v2.1.134,Appstore,98111,9,2020-06-14
mid_694565-1592103491000,mid_694565,iPhone,iPhone 8,iOS 13.3.1,v2.1.134,Appstore,74376,6,2020-06-14
mid_860390-1592103495000,mid_860390,iPhone,iPhone Xs Max,iOS 13.2.9,v2.1.132,Appstore,53852,7,2020-06-14
mid_937376-1592103483000,mid_937376,iPhone,iPhone X,iOS 13.3.1,v2.0.1,Appstore,51309,6,2020-06-14
mid_366705-1592103489000,mid_366705,vivo,vivo iqoo3,Android 11.0,v2.1.134,xiaomi,101344,9,2020-06-14
mid_753096-1592103484000,mid_753096,iPhone,iPhone X,iOS 13.2.9,v2.1.134,Appstore,18726,2,2020-06-14
mid_49530-1592103485000,mid_49530,Xiaomi,Xiaomi Mix2 ,Android 11.0,v2.1.134,oppo,45684,6,2020-06-14
mid_242141-1592103481000,mid_242141,Xiaomi,Xiaomi Mix2 ,Android 11.0,v2.1.132,oppo,85321,9,2020-06-14
mid_547535-1592103480000,mid_547535,iPhone,iPhone Xs Max,iOS 13.3.1,v2.1.134,Appstore,68598,8,2020-06-14
mid_388995-1592103475000,mid_388995,Xiaomi,Xiaomi 10 Pro ,Android 10.0,v2.1.132,web,97465,9,2020-06-14
mid_734125-1592103500000,mid_734125,iPhone,iPhone 8,iOS 13.3.1,v2.1.132,Appstore,15540,1,2020-06-14
mid_658232-1592103497000,mid_658232,iPhone,iPhone 8,iOS 13.3.1,v2.1.134,Appstore,61151,5,2020-06-14
mid_646743-1592103474000,mid_646743,iPhone,iPhone 8,iOS 13.2.9,v2.1.134,Appstore,63172,6,2020-06-14
mid_256146-1592103480000,mid_256146,Xiaomi,Xiaomi 9,Android 11.0,v2.0.1,oppo,56083,5,2020-06-14
mid_353733-1592103492000,mid_353733,vivo,vivo iqoo3,Android 11.0,v2.1.134,oppo,100001,9,2020-06-14
mid_385711-1592103476000,mid_385711,Sumsung,Sumsung Galaxy S20,Android 11.0,v2.1.134,360,73320,9,2020-06-14
mid_37784-1592103494000,mid_37784,Xiaomi,Xiaomi Mix2 ,Android 11.0,v2.1.134,xiaomi,40535,5,2020-06-14
mid_813318-1592103482000,mid_813318,iPhone,iPhone Xs,iOS 13.3.1,v2.1.134,Appstore,104976,10,2020-06-14
mid_567149-1592103496000,mid_567149,iPhone,iPhone X,iOS 13.3.1,v2.1.132,Appstore,120880,9,2020-06-14
mid_572513-1592103484000,mid_572513,Xiaomi,Xiaomi 9,Android 10.0,v2.1.132,xiaomi,88444,9,2020-06-14
mid_38556-1592103492000,mid_38556,Xiaomi,Xiaomi 9,Android 10.0,v2.1.111,xiaomi,66211,9,2020-06-14
mid_15202-1592103494000,mid_15202,iPhone,iPhone 8,iOS 13.2.3,v2.1.134,Appstore,23813,2,2020-06-14
mid_729137-1592103499000,mid_729137,iPhone,iPhone Xs Max,iOS 13.3.1,v2.1.134,Appstore,102756,10,2020-06-14
mid_18461-1592103477000,mid_18461,Xiaomi,Xiaomi 10 Pro ,Android 11.0,v2.1.134,wandoujia,18258,2,2020-06-14
mid_368792-1592103494000,mid_368792,Xiaomi,Xiaomi Mix2 ,Android 11.0,v2.1.132,web,110964,9,2020-06-14
mid_145732-1592103488000,mid_145732,Redmi,Redmi k30,Android 11.0,v2.1.134,web,114228,9,2020-06-14
mid_834684-1592103481000,mid_834684,iPhone,iPhone X,iOS 13.3.1,v2.1.134,Appstore,92136,6,2020-06-14
mid_69587-1592103499000,mid_69587,iPhone,iPhone X,iOS 12.4.1,v2.1.132,Appstore,10406,1,2020-06-14
mid_512296-1592103476000,mid_512296,iPhone,iPhone X,iOS 13.2.9,v2.1.134,Appstore,97537,9,2020-06-14
mid_725607-1592103474000,mid_725607,Xiaomi,Xiaomi 9,Android 11.0,v2.1.134,xiaomi,58943,5,2020-06-14
mid_713714-1592103489000,mid_713714,Xiaomi,Xiaomi 10 Pro ,Android 8.1,v2.1.134,xiaomi,72310,5,2020-06-14
mid_892162-1592103498000,mid_892162,iPhone,iPhone X,iOS 13.3.1,v2.1.134,Appstore,111223,9,2020-06-14
mid_247809-1592103491000,mid_247809,Xiaomi,Xiaomi 9,Android 10.0,v2.1.134,oppo,70483,6,2020-06-14
mid_73498-1592103487000,mid_73498,iPhone,iPhone Xs Max,iOS 13.3.1,v2.1.132,Appstore,79517,9,2020-06-14
mid_477957-1592103489000,mid_477957,Xiaomi,Xiaomi Mix2 ,Android 11.0,v2.1.132,wandoujia,68892,7,2020-06-14
mid_237135-1592103487000,mid_237135,vivo,vivo iqoo3,Android 11.0,v2.1.134,vivo,110796,9,2020-06-14
mid_122092-1592103499000,mid_122092,Xiaomi,Xiaomi 9,Android 11.0,v2.1.134,web,13500,2,2020-06-14
mid_184672-1592103489000,mid_184672,iPhone,iPhone Xs,iOS 13.3.1,v2.1.134,Appstore,98277,9,2020-06-14
mid_567781-1592103500000,mid_567781,iPhone,iPhone Xs,iOS 13.3.1,v2.1.134,Appstore,101734,9,2020-06-14
mid_900480-1592103496000,mid_900480,iPhone,iPhone X,iOS 13.3.1,v2.1.134,Appstore,78214,10,2020-06-14
mid_379510-1592103496000,mid_379510,Xiaomi,Xiaomi Mix2 ,Android 11.0,v2.1.134,xiaomi,18513,2,2020-06-14
mid_757411-1592103474000,mid_757411,iPhone,iPhone Xs,iOS 13.3.1,v2.1.134,Appstore,68187,6,2020-06-14
mid_87553-1592103484000,mid_87553,Xiaomi,Xiaomi Mix2 ,Android 11.0,v2.1.132,xiaomi,61975,6,2020-06-14
mid_63197-1592103506000,mid_63197,Xiaomi,Xiaomi 10 Pro ,Android 9.0,v2.1.134,xiaomi,19273,1,2020-06-14
mid_574129-1592103502000,mid_574129,Xiaomi,Xiaomi 10 Pro ,Android 11.0,v2.1.134,xiaomi,78458,9,2020-06-14
mid_992788-1592103484000,mid_992788,Huawei,Huawei P30,Android 11.0,v2.1.132,xiaomi,72428,8,2020-06-14
mid_222445-1592103485000,mid_222445,Huawei,Huawei P30,Android 11.0,v2.1.134,web,18496,1,2020-06-14
mid_845581-1592103504000,mid_845581,iPhone,iPhone X,iOS 13.3.1,v2.0.1,Appstore,75192,6,2020-06-14
mid_481524-1592103503000,mid_481524,iPhone,iPhone X,iOS 13.3.1,v2.0.1,Appstore,101281,9,2020-06-14
mid_222870-1592103483000,mid_222870,Xiaomi,Xiaomi Mix2 ,Android 11.0,v2.1.132,oppo,72046,7,2020-06-14
mid_498775-1592103476000,mid_498775,Huawei,Huawei Mate 30,Android 11.0,v2.1.132,vivo,51118,5,2020-06-14
mid_307674-1592103477000,mid_307674,Xiaomi,Xiaomi 9,Android 11.0,v2.1.134,web,44240,5,2020-06-14
mid_605838-1592103479000,mid_605838,vivo,vivo iqoo3,Android 11.0,v2.1.132,xiaomi,58186,6,2020-06-14
mid_72753-1592103478000,mid_72753,Xiaomi,Xiaomi Mix2 ,Android 11.0,v2.1.134,oppo,125997,10,2020-06-14
mid_123682-1592103490000,mid_123682,Xiaomi,Xiaomi Mix2 ,Android 11.0,v2.1.134,oppo,28711,2,2020-06-14
mid_458694-1592103500000,mid_458694,Xiaomi,Xiaomi 9,Android 11.0,v2.1.134,xiaomi,25041,2,2020-06-14
mid_853715-1592103490000,mid_853715,Xiaomi,Xiaomi 10 Pro ,Android 10.0,v2.1.134,oppo,53840,6,2020-06-14
mid_154866-1592103503000,mid_154866,Redmi,Redmi k30,Android 11.0,v2.1.134,xiaomi,50390,5,2020-06-14
mid_681084-1592103477000,mid_681084,Xiaomi,Xiaomi Mix2 ,Android 11.0,v2.1.134,wandoujia,131633,9,2020-06-14
mid_429285-1592103485000,mid_429285,Huawei,Huawei P30,Android 10.0,v2.1.132,xiaomi,36333,7,2020-06-14
mid_805461-1592103483000,mid_805461,Xiaomi,Xiaomi 9,Android 11.0,v2.1.132,web,110095,9,2020-06-14
mid_6481-1592103480000,mid_6481,Huawei,Huawei P30,Android 11.0,v2.1.134,oppo,28963,5,2020-06-14
mid_167841-1592103489000,mid_167841,Xiaomi,Xiaomi 10 Pro ,Android 11.0,v2.1.111,xiaomi,91634,10,2020-06-14
mid_685016-1592103485000,mid_685016,iPhone,iPhone X,iOS 13.3.1,v2.1.132,Appstore,29664,6,2020-06-14
mid_406739-1592103486000,mid_406739,Xiaomi,Xiaomi Mix2 ,Android 11.0,v2.1.134,wandoujia,40692,5,2020-06-14
mid_265440-1592103499000,mid_265440,Xiaomi,Xiaomi 10 Pro ,Android 10.0,v2.1.132,web,66253,6,2020-06-14
mid_644984-1592103498000,mid_644984,Xiaomi,Xiaomi 9,Android 11.0,v2.1.134,xiaomi,87472,9,2020-06-14
mid_726758-1592103501000,mid_726758,iPhone,iPhone X,iOS 13.3.1,v2.1.134,Appstore,115349,9,2020-06-14
mid_635512-1592103495000,mid_635512,Huawei,Huawei Mate 30,Android 11.0,v2.1.134,web,70296,10,2020-06-14
mid_924530-1592103481000,mid_924530,iPhone,iPhone Xs Max,iOS 13.2.3,v2.1.134,Appstore,95022,9,2020-06-14
mid_257925-1592103490000,mid_257925,Xiaomi,Xiaomi 10 Pro ,Android 11.0,v2.1.134,wandoujia,94765,9,2020-06-14
mid_305100-1592103499000,mid_305100,vivo,vivo iqoo3,Android 9.0,v2.1.134,xiaomi,113621,10,2020-06-14
mid_338858-1592103486000,mid_338858,Xiaomi,Xiaomi 9,Android 8.1,v2.1.134,web,17989,1,2020-06-14
mid_739831-1592103486000,mid_739831,iPhone,iPhone Xs,iOS 13.3.1,v2.1.134,Appstore,112479,9,2020-06-14
mid_286559-1592103478000,mid_286559,Sumsung,Sumsung Galaxy S20,Android 9.0,v2.1.132,huawei,126902,10,2020-06-14
mid_484460-1592103490000,mid_484460,Huawei,Huawei P30,Android 11.0,v2.1.132,oppo,84631,7,2020-06-14
mid_770456-1592103484000,mid_770456,Xiaomi,Xiaomi 10 Pro ,Android 11.0,v2.1.134,web,92599,8,2020-06-14
mid_714743-1592103494000,mid_714743,Honor,Honor 20s,Android 11.0,v2.1.134,web,66184,6,2020-06-14
mid_844247-1592103506000,mid_844247,iPhone,iPhone 8,iOS 13.2.9,v2.0.1,Appstore,55737,6,2020-06-14
mid_677986-1592103490000,mid_677986,iPhone,iPhone X,iOS 13.3.1,v2.1.134,Appstore,108704,9,2020-06-14
mid_511558-1592103491000,mid_511558,Xiaomi,Xiaomi 10 Pro ,Android 10.0,v2.1.134,oppo,102657,7,2020-06-14
mid_396865-1592103486000,mid_396865,Huawei,Huawei Mate 30,Android 10.0,v2.1.134,oppo,77920,9,2020-06-14
mid_946143-1592103500000,mid_946143,Xiaomi,Xiaomi Mix2 ,Android 11.0,v2.1.134,huawei,55924,5,2020-06-14
mid_657235-1592103482000,mid_657235,iPhone,iPhone 8,iOS 13.3.1,v2.1.134,Appstore,84099,6,2020-06-14
mid_120348-1592103495000,mid_120348,iPhone,iPhone Xs Max,iOS 13.3.1,v2.1.132,Appstore,13794,2,2020-06-14
mid_614796-1592103500000,mid_614796,Oneplus,Oneplus 7,Android 10.0,v2.1.134,xiaomi,6123,2,2020-06-14
mid_132723-1592103503000,mid_132723,Honor,Honor 20s,Android 10.0,v2.1.134,xiaomi,80617,9,2020-06-14
mid_584431-1592103484000,mid_584431,Xiaomi,Xiaomi 9,Android 11.0,v2.1.134,wandoujia,53457,6,2020-06-14
mid_434692-1592103482000,mid_434692,iPhone,iPhone Xs,iOS 13.2.3,v2.1.134,Appstore,101008,9,2020-06-14
mid_278655-1592103485000,mid_278655,iPhone,iPhone Xs Max,iOS 13.2.3,v2.1.111,Appstore,94136,7,2020-06-14
mid_434448-1592103481000,mid_434448,vivo,vivo iqoo3,Android 11.0,v2.1.134,web,53004,8,2020-06-14
mid_107961-1592103500000,mid_107961,Xiaomi,Xiaomi Mix2 ,Android 10.0,v2.1.134,360,68682,6,2020-06-14
mid_812530-1592103495000,mid_812530,iPhone,iPhone Xs Max,iOS 13.2.3,v2.1.132,Appstore,30936,2,2020-06-14
mid_952217-1592103501000,mid_952217,vivo,vivo iqoo3,Android 10.0,v2.1.132,oppo,125143,10,2020-06-14
mid_575214-1592103490000,mid_575214,vivo,vivo iqoo3,Android 9.0,v2.1.134,360,94877,10,2020-06-14
mid_746344-1592103504000,mid_746344,Xiaomi,Xiaomi Mix2 ,Android 10.0,v2.1.132,xiaomi,96025,9,2020-06-14
mid_821297-1592103491000,mid_821297,Xiaomi,Xiaomi 9,Android 11.0,v2.1.134,wandoujia,3852,1,2020-06-14
mid_591198-1592103477000,mid_591198,Xiaomi,Xiaomi Mix2 ,Android 11.0,v2.1.134,huawei,19227,1,2020-06-14
mid_182409-1592103499000,mid_182409,Oneplus,Oneplus 7,Android 8.1,v2.1.132,huawei,103066,10,2020-06-14
mid_752640-1592103480000,mid_752640,iPhone,iPhone X,iOS 13.3.1,v2.1.134,Appstore,18735,2,2020-06-14
mid_128199-1592103488000,mid_128199,Honor,Honor 20s,Android 11.0,v2.1.134,oppo,78354,9,2020-06-14
mid_82280-1592103505000,mid_82280,Xiaomi,Xiaomi 10 Pro ,Android 11.0,v2.1.134,oppo,72374,6,2020-06-14
mid_905613-1592103475000,mid_905613,iPhone,iPhone 8,iOS 13.2.3,v2.1.134,Appstore,102044,10,2020-06-14
mid_285818-1592103494000,mid_285818,iPhone,iPhone Xs,iOS 13.2.9,v2.1.134,Appstore,108228,10,2020-06-14
mid_404809-1592103484000,mid_404809,Oneplus,Oneplus 7,Android 11.0,v2.1.134,xiaomi,121220,10,2020-06-14
mid_378576-1592103491000,mid_378576,Xiaomi,Xiaomi 10 Pro ,Android 10.0,v2.0.1,xiaomi,8221,1,2020-06-14
mid_592216-1592103483000,mid_592216,vivo,vivo iqoo3,Android 9.0,v2.1.132,oppo,13594,1,2020-06-14
mid_55209-1592103480000,mid_55209,iPhone,iPhone Xs,iOS 12.4.1,v2.1.134,Appstore,71758,5,2020-06-14
mid_341014-1592103500000,mid_341014,Xiaomi,Xiaomi Mix2 ,Android 10.0,v2.1.134,xiaomi,71024,8,2020-06-14
mid_242757-1592103477000,mid_242757,iPhone,iPhone Xs,iOS 13.3.1,v2.1.132,Appstore,15380,2,2020-06-14
mid_740318-1592103496000,mid_740318,Huawei,Huawei P30,Android 11.0,v2.1.134,oppo,69139,6,2020-06-14
mid_995171-1592103506000,mid_995171,iPhone,iPhone Xs,iOS 13.2.3,v2.1.134,Appstore,20675,2,2020-06-14
mid_86511-1592103493000,mid_86511,Huawei,Huawei Mate 30,Android 11.0,v2.1.134,wandoujia,75054,6,2020-06-14
mid_856214-1592103475000,mid_856214,Xiaomi,Xiaomi 10 Pro ,Android 11.0,v2.1.134,vivo,101707,10,2020-06-14
mid_179065-1592103481000,mid_179065,Xiaomi,Xiaomi Mix2 ,Android 11.0,v2.1.132,xiaomi,86092,10,2020-06-14
mid_525006-1592103501000,mid_525006,iPhone,iPhone Xs,iOS 13.3.1,v2.1.134,Appstore,133347,9,2020-06-14
mid_248267-1592103502000,mid_248267,Huawei,Huawei Mate 30,Android 11.0,v2.1.132,xiaomi,102458,9,2020-06-14
mid_54840-1592103480000,mid_54840,Xiaomi,Xiaomi 10 Pro ,Android 11.0,v2.1.132,wandoujia,68846,8,2020-06-14
mid_495031-1592103499000,mid_495031,iPhone,iPhone Xs Max,iOS 13.2.3,v2.1.134,Appstore,77270,7,2020-06-14
mid_906849-1592103497000,mid_906849,Xiaomi,Xiaomi 10 Pro ,Android 10.0,v2.1.134,wandoujia,88676,10,2020-06-14
mid_834048-1592103496000,mid_834048,vivo,vivo iqoo3,Android 11.0,v2.1.134,oppo,69012,6,2020-06-14
mid_253895-1592103479000,mid_253895,vivo,vivo iqoo3,Android 10.0,v2.1.134,xiaomi,80044,10,2020-06-14
mid_741970-1592103496000,mid_741970,Xiaomi,Xiaomi 9,Android 8.1,v2.1.134,oppo,125816,10,2020-06-14
mid_591908-1592103480000,mid_591908,vivo,vivo iqoo3,Android 11.0,v2.1.134,huawei,28639,2,2020-06-14
mid_187696-1592103495000,mid_187696,Huawei,Huawei P30,Android 11.0,v2.1.132,xiaomi,103659,9,2020-06-14
mid_488360-1592103503000,mid_488360,iPhone,iPhone Xs Max,iOS 13.3.1,v2.1.132,Appstore,48331,5,2020-06-14
mid_803497-1592103477000,mid_803497,iPhone,iPhone Xs,iOS 13.2.3,v2.1.111,Appstore,102407,10,2020-06-14
mid_292601-1592103492000,mid_292601,iPhone,iPhone Xs Max,iOS 13.3.1,v2.1.134,Appstore,70258,10,2020-06-14
mid_698558-1592103476000,mid_698558,Xiaomi,Xiaomi Mix2 ,Android 10.0,v2.1.134,xiaomi,61456,6,2020-06-14
mid_493818-1592103487000,mid_493818,Huawei,Huawei Mate 30,Android 11.0,v2.1.134,xiaomi,120122,10,2020-06-14
mid_348869-1592103498000,mid_348869,Oneplus,Oneplus 7,Android 11.0,v2.1.134,web,32802,5,2020-06-14
mid_930962-1592103495000,mid_930962,Xiaomi,Xiaomi 10 Pro ,Android 10.0,v2.1.134,wandoujia,60488,6,2020-06-14
mid_811399-1592103504000,mid_811399,iPhone,iPhone 8,iOS 13.2.9,v2.1.132,Appstore,123030,10,2020-06-14
mid_678594-1592103481000,mid_678594,Xiaomi,Xiaomi 9,Android 11.0,v2.1.132,wandoujia,24475,2,2020-06-14
mid_782870-1592103493000,mid_782870,iPhone,iPhone Xs Max,iOS 13.3.1,v2.1.134,Appstore,111159,9,2020-06-14
mid_766277-1592103481000,mid_766277,Xiaomi,Xiaomi 10 Pro ,Android 11.0,v2.1.134,oppo,92747,9,2020-06-14
mid_881029-1592103487000,mid_881029,iPhone,iPhone X,iOS 13.3.1,v2.1.132,Appstore,82867,9,2020-06-14
mid_398696-1592103501000,mid_398696,Redmi,Redmi k30,Android 10.0,v2.1.134,360,8422,2,2020-06-14
mid_412142-1592103499000,mid_412142,Huawei,Huawei P30,Android 11.0,v2.1.134,oppo,100322,10,2020-06-14
mid_423916-1592103486000,mid_423916,Xiaomi,Xiaomi Mix2 ,Android 10.0,v2.1.134,oppo,1650,1,2020-06-14
mid_824664-1592103498000,mid_824664,iPhone,iPhone X,iOS 13.3.1,v2.1.134,Appstore,41922,5,2020-06-14
mid_620745-1592103504000,mid_620745,vivo,vivo iqoo3,Android 10.0,v2.1.134,huawei,105024,10,2020-06-14
mid_670474-1592103482000,mid_670474,Xiaomi,Xiaomi Mix2 ,Android 11.0,v2.1.134,xiaomi,117607,10,2020-06-14
mid_277858-1592103495000,mid_277858,Xiaomi,Xiaomi 9,Android 11.0,v2.1.134,oppo,93800,10,2020-06-14
mid_773467-1592103477000,mid_773467,Xiaomi,Xiaomi 10 Pro ,Android 10.0,v2.1.134,xiaomi,82074,7,2020-06-14
mid_203553-1592103477000,mid_203553,Huawei,Huawei Mate 30,Android 11.0,v2.1.134,xiaomi,8483,1,2020-06-14
mid_763219-1592103493000,mid_763219,Xiaomi,Xiaomi 10 Pro ,Android 11.0,v2.1.132,web,53176,6,2020-06-14
mid_723133-1592103485000,mid_723133,Huawei,Huawei Mate 30,Android 11.0,v2.1.134,xiaomi,20730,2,2020-06-14
mid_215460-1592103488000,mid_215460,Sumsung,Sumsung Galaxy S20,Android 11.0,v2.1.134,oppo,94959,9,2020-06-14
mid_160600-1592103486000,mid_160600,Xiaomi,Xiaomi Mix2 ,Android 11.0,v2.1.134,xiaomi,4678,2,2020-06-14
mid_63995-1592103497000,mid_63995,iPhone,iPhone Xs Max,iOS 13.2.9,v2.1.132,Appstore,19402,2,2020-06-14
mid_492166-1592103500000,mid_492166,Xiaomi,Xiaomi Mix2 ,Android 10.0,v2.1.134,oppo,26271,2,2020-06-14
mid_170887-1592103485000,mid_170887,Huawei,Huawei P30,Android 11.0,v2.1.111,xiaomi,88127,6,2020-06-14
mid_259690-1592103478000,mid_259690,Xiaomi,Xiaomi 9,Android 11.0,v2.1.134,wandoujia,13954,1,2020-06-14
mid_811656-1592103485000,mid_811656,Xiaomi,Xiaomi 9,Android 10.0,v2.1.134,xiaomi,29479,5,2020-06-14
mid_750432-1592103475000,mid_750432,iPhone,iPhone X,iOS 12.4.1,v2.1.132,Appstore,104770,9,2020-06-14
mid_756104-1592103472000,mid_756104,Xiaomi,Xiaomi Mix2 ,Android 11.0,v2.1.134,xiaomi,61334,9,2020-06-14
mid_161048-1592103482000,mid_161048,iPhone,iPhone X,iOS 13.3.1,v2.1.134,Appstore,61650,6,2020-06-14
