user_id,date_id,create_time,channel,province_id,version_code,mid_id,brand,model,operate_system,dt
1,2020-06-10,2020-06-10 11:05:16,,,,,,,,2020-06-10
2,2020-06-10,2020-06-10 11:05:16,,,,,,,,2020-06-10
3,2020-06-10,2020-06-10 11:05:16,,,,,,,,2020-06-10
4,2020-06-10,2020-06-10 11:05:16,,,,,,,,2020-06-10
5,2020-06-10,2020-06-10 11:05:16,,,,,,,,2020-06-10
6,2020-06-10,2020-06-10 11:05:16,,,,,,,,2020-06-10
7,2020-06-10,2020-06-10 11:05:16,,,,,,,,2020-06-10
8,2020-06-10,2020-06-10 11:05:16,,,,,,,,2020-06-10
9,2020-06-10,2020-06-10 11:05:16,,,,,,,,2020-06-10
10,2020-06-10,2020-06-10 11:05:16,,,,,,,,2020-06-10
11,2020-06-10,2020-06-10 11:05:16,Appstore,12,v2.1.134,mid_547124,iPhone,iPhone Xs Max,iOS 13.3.1,2020-06-10
12,2020-06-10,2020-06-10 11:05:16,xiaomi,26,v2.1.134,mid_305100,vivo,vivo iqoo3,Android 9.0,2020-06-10
13,2020-06-10,2020-06-10 11:05:16,vivo,33,v2.1.134,mid_886240,Xiaomi,Xiaomi 10 Pro ,Android 11.0,2020-06-10
14,2020-06-10,2020-06-10 11:05:16,,,,,,,,2020-06-10
15,2020-06-10,2020-06-10 11:05:16,,,,,,,,2020-06-10
16,2020-06-10,2020-06-10 11:05:16,,,,,,,,2020-06-10
17,2020-06-10,2020-06-10 11:05:16,,,,,,,,2020-06-10
18,2020-06-10,2020-06-10 11:05:16,,,,,,,,2020-06-10
19,2020-06-10,2020-06-10 11:05:16,,,,,,,,2020-06-10
20,2020-06-10,2020-06-10 11:05:16,,,,,,,,2020-06-10
21,2020-06-10,2020-06-10 11:05:16,,,,,,,,2020-06-10
22,2020-06-10,2020-06-10 11:05:16,,,,,,,,2020-06-10
23,2020-06-10,2020-06-10 11:05:16,,,,,,,,2020-06-10
24,2020-06-10,2020-06-10 11:05:16,,,,,,,,2020-06-10
25,2020-06-10,2020-06-10 11:05:16,,,,,,,,2020-06-10
26,2020-06-10,2020-06-10 11:05:16,xiaomi,1,v2.1.134,mid_404809,Oneplus,Oneplus 7,Android 11.0,2020-06-10
27,2020-06-10,2020-06-10 11:05:16,xiaomi,24,v2.1.132,mid_179065,Xiaomi,Xiaomi Mix2 ,Android 11.0,2020-06-10
28,2020-06-10,2020-06-10 11:05:16,,,,,,,,2020-06-10
29,2020-06-10,2020-06-10 11:05:16,,,,,,,,2020-06-10
30,2020-06-10,2020-06-10 11:05:16,,,,,,,,2020-06-10
31,2020-06-10,2020-06-10 11:05:16,,,,,,,,2020-06-10
32,2020-06-10,2020-06-10 11:05:16,,,,,,,,2020-06-10
33,2020-06-10,2020-06-10 11:05:16,,,,,,,,2020-06-10
34,2020-06-10,2020-06-10 11:05:16,,,,,,,,2020-06-10
35,2020-06-10,2020-06-10 11:05:16,,,,,,,,2020-06-10
36,2020-06-10,2020-06-10 11:05:16,,,,,,,,2020-06-10
37,2020-06-10,2020-06-10 11:05:16,oppo,13,v2.1.134,mid_412142,Huawei,Huawei P30,Android 11.0,2020-06-10
38,2020-06-10,2020-06-10 11:05:16,,,,,,,,2020-06-10
39,2020-06-10,2020-06-10 11:05:16,,,,,,,,2020-06-10
40,2020-06-10,2020-06-10 11:05:16,,,,,,,,2020-06-10
41,2020-06-10,2020-06-10 11:05:16,,,,,,,,2020-06-10
42,2020-06-10,2020-06-10 11:05:16,,,,,,,,2020-06-10
43,2020-06-10,2020-06-10 11:05:16,,,,,,,,2020-06-10
44,2020-06-10,2020-06-10 11:05:16,,,,,,,,2020-06-10
45,2020-06-10,2020-06-10 11:05:16,,,,,,,,2020-06-10
46,2020-06-10,2020-06-10 11:05:16,,,,,,,,2020-06-10
47,2020-06-10,2020-06-10 11:05:16,,,,,,,,2020-06-10
48,2020-06-10,2020-06-10 11:05:16,,,,,,,,2020-06-10
49,2020-06-10,2020-06-10 11:05:16,,,,,,,,2020-06-10
50,2020-06-10,2020-06-10 11:05:16,,,,,,,,2020-06-10
51,2020-06-10,2020-06-10 11:05:16,,,,,,,,2020-06-10
52,2020-06-10,2020-06-10 11:05:16,,,,,,,,2020-06-10
53,2020-06-10,2020-06-10 11:05:16,,,,,,,,2020-06-10
54,2020-06-10,2020-06-10 11:05:16,,,,,,,,2020-06-10
55,2020-06-10,2020-06-10 11:05:16,,,,,,,,2020-06-10
56,2020-06-10,2020-06-10 11:05:16,,,,,,,,2020-06-10
57,2020-06-10,2020-06-10 11:05:16,,,,,,,,2020-06-10
58,2020-06-10,2020-06-10 11:05:16,,,,,,,,2020-06-10
59,2020-06-10,2020-06-10 11:05:16,,,,,,,,2020-06-10
60,2020-06-10,2020-06-10 11:05:16,,,,,,,,2020-06-10
61,2020-06-10,2020-06-10 11:05:16,,,,,,,,2020-06-10
62,2020-06-10,2020-06-10 11:05:16,oppo,1,v2.1.134,mid_435897,Xiaomi,Xiaomi 9,Android 11.0,2020-06-10
63,2020-06-10,2020-06-10 11:05:16,Appstore,1,v2.1.134,mid_755931,iPhone,iPhone Xs,iOS 13.3.1,2020-06-10
64,2020-06-10,2020-06-10 11:05:16,,,,,,,,2020-06-10
65,2020-06-10,2020-06-10 11:05:16,,,,,,,,2020-06-10
66,2020-06-10,2020-06-10 11:05:16,web,6,v2.1.134,mid_635512,Huawei,Huawei Mate 30,Android 11.0,2020-06-10
67,2020-06-10,2020-06-10 11:05:16,,,,,,,,2020-06-10
68,2020-06-10,2020-06-10 11:05:16,,,,,,,,2020-06-10
69,2020-06-10,2020-06-10 11:05:16,,,,,,,,2020-06-10
70,2020-06-10,2020-06-10 11:05:16,,,,,,,,2020-06-10
71,2020-06-10,2020-06-10 11:05:16,,,,,,,,2020-06-10
72,2020-06-10,2020-06-10 11:05:16,,,,,,,,2020-06-10
73,2020-06-10,2020-06-10 11:05:16,,,,,,,,2020-06-10
74,2020-06-10,2020-06-10 11:05:16,,,,,,,,2020-06-10
75,2020-06-10,2020-06-10 11:05:16,,,,,,,,2020-06-10
76,2020-06-10,2020-06-10 11:05:16,,,,,,,,2020-06-10
77,2020-06-10,2020-06-10 11:05:16,,,,,,,,2020-06-10
78,2020-06-10,2020-06-10 11:05:16,,,,,,,,2020-06-10
79,2020-06-10,2020-06-10 11:05:16,,,,,,,,2020-06-10
80,2020-06-10,2020-06-10 11:05:16,Appstore,33,v2.1.132,mid_60124,iPhone,iPhone 8,iOS 13.3.1,2020-06-10
81,2020-06-10,2020-06-10 11:05:16,,,,,,,,2020-06-10
82,2020-06-10,2020-06-10 11:05:16,,,,,,,,2020-06-10
83,2020-06-10,2020-06-10 11:05:16,Appstore,15,v2.1.134,mid_329671,iPhone,iPhone Xs Max,iOS 13.3.1,2020-06-10
83,2020-06-10,2020-06-10 11:05:16,Appstore,26,v2.1.134,mid_729137,iPhone,iPhone Xs Max,iOS 13.3.1,2020-06-10
84,2020-06-10,2020-06-10 11:05:16,,,,,,,,2020-06-10
85,2020-06-10,2020-06-10 11:05:16,,,,,,,,2020-06-10
86,2020-06-10,2020-06-10 11:05:16,,,,,,,,2020-06-10
87,2020-06-10,2020-06-10 11:05:16,,,,,,,,2020-06-10
88,2020-06-10,2020-06-10 11:05:16,,,,,,,,2020-06-10
89,2020-06-10,2020-06-10 11:05:16,,,,,,,,2020-06-10
90,2020-06-10,2020-06-10 11:05:16,,,,,,,,2020-06-10
91,2020-06-10,2020-06-10 11:05:16,,,,,,,,2020-06-10
92,2020-06-10,2020-06-10 11:05:16,,,,,,,,2020-06-10
93,2020-06-10,2020-06-10 11:05:16,xiaomi,12,v2.1.111,mid_511868,Redmi,Redmi k30,Android 11.0,2020-06-10
94,2020-06-10,2020-06-10 11:05:16,,,,,,,,2020-06-10
95,2020-06-10,2020-06-10 11:05:16,,,,,,,,2020-06-10
96,2020-06-10,2020-06-10 11:05:16,,,,,,,,2020-06-10
97,2020-06-10,2020-06-10 11:05:16,oppo,12,v2.1.134,mid_741970,Xiaomi,Xiaomi 9,Android 8.1,2020-06-10
98,2020-06-10,2020-06-10 11:05:16,,,,,,,,2020-06-10
99,2020-06-10,2020-06-10 11:05:16,,,,,,,,2020-06-10
100,2020-06-10,2020-06-10 11:05:16,,,,,,,,2020-06-10
101,2020-06-10,2020-06-10 11:05:16,,,,,,,,2020-06-10
102,2020-06-10,2020-06-10 11:05:16,,,,,,,,2020-06-10
103,2020-06-10,2020-06-10 11:05:16,,,,,,,,2020-06-10
104,2020-06-10,2020-06-10 11:05:16,Appstore,13,v2.1.134,mid_813318,iPhone,iPhone Xs,iOS 13.3.1,2020-06-10
105,2020-06-10,2020-06-10 11:05:16,,,,,,,,2020-06-10
106,2020-06-10,2020-06-10 11:05:16,xiaomi,1,v2.1.134,mid_670474,Xiaomi,Xiaomi Mix2 ,Android 11.0,2020-06-10
107,2020-06-10,2020-06-10 11:05:16,,,,,,,,2020-06-10
108,2020-06-10,2020-06-10 11:05:16,,,,,,,,2020-06-10
109,2020-06-10,2020-06-10 11:05:16,,,,,,,,2020-06-10
110,2020-06-10,2020-06-10 11:05:16,,,,,,,,2020-06-10
111,2020-06-10,2020-06-10 11:05:16,,,,,,,,2020-06-10
112,2020-06-10,2020-06-10 11:05:16,,,,,,,,2020-06-10
113,2020-06-10,2020-06-10 11:05:16,,,,,,,,2020-06-10
114,2020-06-10,2020-06-10 11:05:16,,,,,,,,2020-06-10
115,2020-06-10,2020-06-10 11:05:16,,,,,,,,2020-06-10
116,2020-06-10,2020-06-10 11:05:16,,,,,,,,2020-06-10
117,2020-06-10,2020-06-10 11:05:16,,,,,,,,2020-06-10
118,2020-06-10,2020-06-10 11:05:16,,,,,,,,2020-06-10
119,2020-06-10,2020-06-10 11:05:16,,,,,,,,2020-06-10
120,2020-06-10,2020-06-10 11:05:16,,,,,,,,2020-06-10
121,2020-06-10,2020-06-10 11:05:16,,,,,,,,2020-06-10
122,2020-06-10,2020-06-10 11:05:16,,,,,,,,2020-06-10
123,2020-06-10,2020-06-10 11:05:16,,,,,,,,2020-06-10
124,2020-06-10,2020-06-10 11:05:16,,,,,,,,2020-06-10
125,2020-06-10,2020-06-10 11:05:16,,,,,,,,2020-06-10
126,2020-06-10,2020-06-10 11:05:16,,,,,,,,2020-06-10
127,2020-06-10,2020-06-10 11:05:16,,,,,,,,2020-06-10
128,2020-06-10,2020-06-10 11:05:16,,,,,,,,2020-06-10
129,2020-06-10,2020-06-10 11:05:16,,,,,,,,2020-06-10
130,2020-06-10,2020-06-10 11:05:16,,,,,,,,2020-06-10
131,2020-06-10,2020-06-10 11:05:16,,,,,,,,2020-06-10
132,2020-06-10,2020-06-10 11:05:16,,,,,,,,2020-06-10
133,2020-06-10,2020-06-10 11:05:16,,,,,,,,2020-06-10
134,2020-06-10,2020-06-10 11:05:16,,,,,,,,2020-06-10
135,2020-06-10,2020-06-10 11:05:16,,,,,,,,2020-06-10
136,2020-06-10,2020-06-10 11:05:16,,,,,,,,2020-06-10
137,2020-06-10,2020-06-10 11:05:16,wandoujia,24,v2.1.134,mid_906849,Xiaomi,Xiaomi 10 Pro ,Android 10.0,2020-06-10
138,2020-06-10,2020-06-10 11:05:16,,,,,,,,2020-06-10
139,2020-06-10,2020-06-10 11:05:16,,,,,,,,2020-06-10
140,2020-06-10,2020-06-10 11:05:16,,,,,,,,2020-06-10
141,2020-06-10,2020-06-10 11:05:16,,,,,,,,2020-06-10
142,2020-06-10,2020-06-10 11:05:16,,,,,,,,2020-06-10
143,2020-06-10,2020-06-10 11:05:16,,,,,,,,2020-06-10
144,2020-06-10,2020-06-10 11:05:16,,,,,,,,2020-06-10
145,2020-06-10,2020-06-10 11:05:16,,,,,,,,2020-06-10
146,2020-06-10,2020-06-10 11:05:16,,,,,,,,2020-06-10
147,2020-06-10,2020-06-10 11:05:16,,,,,,,,2020-06-10
148,2020-06-10,2020-06-10 11:05:16,Appstore,15,v2.1.132,mid_811399,iPhone,iPhone 8,iOS 13.2.9,2020-06-10
149,2020-06-10,2020-06-10 11:05:16,,,,,,,,2020-06-10
150,2020-06-10,2020-06-10 11:05:16,vivo,26,v2.1.134,mid_53557,Xiaomi,Xiaomi Mix2 ,Android 10.0,2020-06-10
151,2020-06-10,2020-06-10 11:05:16,,,,,,,,2020-06-10
152,2020-06-10,2020-06-10 11:05:16,,,,,,,,2020-06-10
153,2020-06-10,2020-06-10 11:05:16,,,,,,,,2020-06-10
154,2020-06-10,2020-06-10 11:05:16,,,,,,,,2020-06-10
155,2020-06-10,2020-06-10 11:05:16,,,,,,,,2020-06-10
156,2020-06-10,2020-06-10 11:05:16,,,,,,,,2020-06-10
157,2020-06-10,2020-06-10 11:05:16,,,,,,,,2020-06-10
158,2020-06-10,2020-06-10 11:05:16,,,,,,,,2020-06-10
159,2020-06-10,2020-06-10 11:05:16,,,,,,,,2020-06-10
160,2020-06-10,2020-06-10 11:05:16,,,,,,,,2020-06-10
161,2020-06-10,2020-06-10 11:05:16,,,,,,,,2020-06-10
162,2020-06-10,2020-06-10 11:05:16,,,,,,,,2020-06-10
163,2020-06-10,2020-06-10 11:05:16,,,,,,,,2020-06-10
164,2020-06-10,2020-06-10 11:05:16,,,,,,,,2020-06-10
165,2020-06-10,2020-06-10 11:05:16,,,,,,,,2020-06-10
166,2020-06-10,2020-06-10 11:05:16,,,,,,,,2020-06-10
167,2020-06-10,2020-06-10 11:05:16,,,,,,,,2020-06-10
168,2020-06-10,2020-06-10 11:05:16,,,,,,,,2020-06-10
169,2020-06-10,2020-06-10 11:05:16,,,,,,,,2020-06-10
170,2020-06-10,2020-06-10 11:05:16,,,,,,,,2020-06-10
171,2020-06-10,2020-06-10 11:05:16,,,,,,,,2020-06-10
172,2020-06-10,2020-06-10 11:05:16,,,,,,,,2020-06-10
173,2020-06-10,2020-06-10 11:05:16,,,,,,,,2020-06-10
174,2020-06-10,2020-06-10 11:05:16,,,,,,,,2020-06-10
175,2020-06-10,2020-06-10 11:05:16,,,,,,,,2020-06-10
176,2020-06-10,2020-06-10 11:05:16,,,,,,,,2020-06-10
177,2020-06-10,2020-06-10 11:05:16,,,,,,,,2020-06-10
178,2020-06-10,2020-06-10 11:05:16,xiaomi,1,v2.1.132,mid_466033,Xiaomi,Xiaomi Mix2 ,Android 11.0,2020-06-10
179,2020-06-10,2020-06-10 11:05:16,,,,,,,,2020-06-10
180,2020-06-10,2020-06-10 11:05:16,,,,,,,,2020-06-10
181,2020-06-10,2020-06-10 11:05:16,,,,,,,,2020-06-10
182,2020-06-10,2020-06-10 11:05:16,,,,,,,,2020-06-10
183,2020-06-10,2020-06-10 11:05:16,,,,,,,,2020-06-10
184,2020-06-10,2020-06-10 11:05:16,,,,,,,,2020-06-10
185,2020-06-10,2020-06-10 11:05:16,,,,,,,,2020-06-10
186,2020-06-10,2020-06-10 11:05:16,,,,,,,,2020-06-10
187,2020-06-10,2020-06-10 11:05:16,,,,,,,,2020-06-10
188,2020-06-10,2020-06-10 11:05:16,,,,,,,,2020-06-10
189,2020-06-10,2020-06-10 11:05:16,,,,,,,,2020-06-10
190,2020-06-10,2020-06-10 11:05:16,,,,,,,,2020-06-10
191,2020-06-10,2020-06-10 11:05:16,,,,,,,,2020-06-10
192,2020-06-10,2020-06-10 11:05:16,,,,,,,,2020-06-10
193,2020-06-10,2020-06-10 11:05:16,,,,,,,,2020-06-10
194,2020-06-10,2020-06-10 11:05:16,,,,,,,,2020-06-10
195,2020-06-10,2020-06-10 11:05:16,,,,,,,,2020-06-10
196,2020-06-10,2020-06-10 11:05:16,,,,,,,,2020-06-10
197,2020-06-10,2020-06-10 11:05:16,,,,,,,,2020-06-10
198,2020-06-10,2020-06-10 11:05:16,oppo,6,v2.1.132,mid_587275,Redmi,Redmi k30,Android 11.0,2020-06-10
199,2020-06-10,2020-06-10 11:05:16,huawei,26,v2.1.134,mid_620745,vivo,vivo iqoo3,Android 10.0,2020-06-10
200,2020-06-10,2020-06-10 11:05:16,,,,,,,,2020-06-10
201,2020-06-11,2020-06-11 11:07:27,,,,,,,,2020-06-11
202,2020-06-11,2020-06-11 11:07:27,,,,,,,,2020-06-11
203,2020-06-11,2020-06-11 11:07:27,,,,,,,,2020-06-11
204,2020-06-11,2020-06-11 11:07:27,,,,,,,,2020-06-11
205,2020-06-11,2020-06-11 11:07:27,,,,,,,,2020-06-11
206,2020-06-11,2020-06-11 11:07:27,,,,,,,,2020-06-11
207,2020-06-11,2020-06-11 11:07:27,,,,,,,,2020-06-11
208,2020-06-11,2020-06-11 11:07:27,,,,,,,,2020-06-11
209,2020-06-11,2020-06-11 11:07:27,,,,,,,,2020-06-11
210,2020-06-11,2020-06-11 11:07:27,,,,,,,,2020-06-11
211,2020-06-11,2020-06-11 11:07:27,,,,,,,,2020-06-11
212,2020-06-11,2020-06-11 11:07:27,,,,,,,,2020-06-11
213,2020-06-11,2020-06-11 11:07:27,,,,,,,,2020-06-11
214,2020-06-11,2020-06-11 11:07:27,,,,,,,,2020-06-11
215,2020-06-11,2020-06-11 11:07:27,,,,,,,,2020-06-11
216,2020-06-11,2020-06-11 11:07:27,,,,,,,,2020-06-11
217,2020-06-11,2020-06-11 11:07:27,,,,,,,,2020-06-11
218,2020-06-11,2020-06-11 11:07:27,,,,,,,,2020-06-11
219,2020-06-11,2020-06-11 11:07:27,,,,,,,,2020-06-11
220,2020-06-11,2020-06-11 11:07:27,,,,,,,,2020-06-11
221,2020-06-11,2020-06-11 11:07:27,,,,,,,,2020-06-11
222,2020-06-11,2020-06-11 11:07:27,,,,,,,,2020-06-11
223,2020-06-11,2020-06-11 11:07:27,,,,,,,,2020-06-11
224,2020-06-11,2020-06-11 11:07:27,,,,,,,,2020-06-11
225,2020-06-11,2020-06-11 11:07:27,,,,,,,,2020-06-11
226,2020-06-11,2020-06-11 11:07:27,,,,,,,,2020-06-11
227,2020-06-11,2020-06-11 11:07:27,,,,,,,,2020-06-11
228,2020-06-11,2020-06-11 11:07:27,,,,,,,,2020-06-11
229,2020-06-11,2020-06-11 11:07:27,,,,,,,,2020-06-11
230,2020-06-11,2020-06-11 11:07:27,wandoujia,1,v2.0.1,mid_812468,Xiaomi,Xiaomi Mix2 ,Android 11.0,2020-06-11
231,2020-06-11,2020-06-11 11:07:27,,,,,,,,2020-06-11
232,2020-06-11,2020-06-11 11:07:27,,,,,,,,2020-06-11
233,2020-06-11,2020-06-11 11:07:27,,,,,,,,2020-06-11
234,2020-06-11,2020-06-11 11:07:27,,,,,,,,2020-06-11
235,2020-06-11,2020-06-11 11:07:27,,,,,,,,2020-06-11
236,2020-06-11,2020-06-11 11:07:27,,,,,,,,2020-06-11
237,2020-06-11,2020-06-11 11:07:27,,,,,,,,2020-06-11
238,2020-06-11,2020-06-11 11:07:27,,,,,,,,2020-06-11
239,2020-06-11,2020-06-11 11:07:27,,,,,,,,2020-06-11
240,2020-06-11,2020-06-11 11:07:27,,,,,,,,2020-06-11
241,2020-06-11,2020-06-11 11:07:27,,,,,,,,2020-06-11
242,2020-06-11,2020-06-11 11:07:27,,,,,,,,2020-06-11
243,2020-06-11,2020-06-11 11:07:27,,,,,,,,2020-06-11
244,2020-06-11,2020-06-11 11:07:27,,,,,,,,2020-06-11
245,2020-06-11,2020-06-11 11:07:27,,,,,,,,2020-06-11
246,2020-06-11,2020-06-11 11:07:27,,,,,,,,2020-06-11
247,2020-06-11,2020-06-11 11:07:27,xiaomi,24,v2.1.111,mid_167841,Xiaomi,Xiaomi 10 Pro ,Android 11.0,2020-06-11
248,2020-06-11,2020-06-11 11:07:27,,,,,,,,2020-06-11
249,2020-06-11,2020-06-11 11:07:27,,,,,,,,2020-06-11
250,2020-06-11,2020-06-11 11:07:27,,,,,,,,2020-06-11
251,2020-06-11,2020-06-11 11:07:27,,,,,,,,2020-06-11
252,2020-06-11,2020-06-11 11:07:27,,,,,,,,2020-06-11
253,2020-06-11,2020-06-11 11:07:27,,,,,,,,2020-06-11
254,2020-06-11,2020-06-11 11:07:27,,,,,,,,2020-06-11
255,2020-06-11,2020-06-11 11:07:27,,,,,,,,2020-06-11
256,2020-06-11,2020-06-11 11:07:27,,,,,,,,2020-06-11
257,2020-06-11,2020-06-11 11:07:27,,,,,,,,2020-06-11
258,2020-06-11,2020-06-11 11:07:27,,,,,,,,2020-06-11
259,2020-06-11,2020-06-11 11:07:27,,,,,,,,2020-06-11
260,2020-06-11,2020-06-11 11:07:27,,,,,,,,2020-06-11
261,2020-06-11,2020-06-11 11:07:27,,,,,,,,2020-06-11
262,2020-06-11,2020-06-11 11:07:27,,,,,,,,2020-06-11
263,2020-06-11,2020-06-11 11:07:27,,,,,,,,2020-06-11
264,2020-06-11,2020-06-11 11:07:27,,,,,,,,2020-06-11
265,2020-06-11,2020-06-11 11:07:27,huawei,6,v2.1.134,mid_975242,Oneplus,Oneplus 7,Android 11.0,2020-06-11
266,2020-06-11,2020-06-11 11:07:27,,,,,,,,2020-06-11
267,2020-06-11,2020-06-11 11:07:27,,,,,,,,2020-06-11
268,2020-06-11,2020-06-11 11:07:27,,,,,,,,2020-06-11
269,2020-06-11,2020-06-11 11:07:27,,,,,,,,2020-06-11
270,2020-06-11,2020-06-11 11:07:27,,,,,,,,2020-06-11
271,2020-06-11,2020-06-11 11:07:27,,,,,,,,2020-06-11
272,2020-06-11,2020-06-11 11:07:27,,,,,,,,2020-06-11
273,2020-06-11,2020-06-11 11:07:27,,,,,,,,2020-06-11
274,2020-06-11,2020-06-11 11:07:27,,,,,,,,2020-06-11
275,2020-06-11,2020-06-11 11:07:27,,,,,,,,2020-06-11
276,2020-06-11,2020-06-11 11:07:27,,,,,,,,2020-06-11
277,2020-06-11,2020-06-11 11:07:27,,,,,,,,2020-06-11
278,2020-06-11,2020-06-11 11:07:27,,,,,,,,2020-06-11
279,2020-06-11,2020-06-11 11:07:27,,,,,,,,2020-06-11
280,2020-06-11,2020-06-11 11:07:27,,,,,,,,2020-06-11
281,2020-06-11,2020-06-11 11:07:27,,,,,,,,2020-06-11
282,2020-06-11,2020-06-11 11:07:27,,,,,,,,2020-06-11
283,2020-06-11,2020-06-11 11:07:27,,,,,,,,2020-06-11
284,2020-06-11,2020-06-11 11:07:27,,,,,,,,2020-06-11
285,2020-06-11,2020-06-11 11:07:27,,,,,,,,2020-06-11
286,2020-06-11,2020-06-11 11:07:27,,,,,,,,2020-06-11
287,2020-06-11,2020-06-11 11:07:27,,,,,,,,2020-06-11
288,2020-06-11,2020-06-11 11:07:27,,,,,,,,2020-06-11
289,2020-06-11,2020-06-11 11:07:27,,,,,,,,2020-06-11
290,2020-06-11,2020-06-11 11:07:27,,,,,,,,2020-06-11
291,2020-06-11,2020-06-11 11:07:27,,,,,,,,2020-06-11
292,2020-06-11,2020-06-11 11:07:27,,,,,,,,2020-06-11
293,2020-06-11,2020-06-11 11:07:27,,,,,,,,2020-06-11
294,2020-06-11,2020-06-11 11:07:27,,,,,,,,2020-06-11
295,2020-06-11,2020-06-11 11:07:27,,,,,,,,2020-06-11
296,2020-06-11,2020-06-11 11:07:27,,,,,,,,2020-06-11
297,2020-06-11,2020-06-11 11:07:27,,,,,,,,2020-06-11
298,2020-06-11,2020-06-11 11:07:27,,,,,,,,2020-06-11
299,2020-06-11,2020-06-11 11:07:27,,,,,,,,2020-06-11
300,2020-06-11,2020-06-11 11:07:27,,,,,,,,2020-06-11
301,2020-06-11,2020-06-11 11:07:27,,,,,,,,2020-06-11
302,2020-06-11,2020-06-11 11:07:27,,,,,,,,2020-06-11
303,2020-06-11,2020-06-11 11:07:27,,,,,,,,2020-06-11
304,2020-06-11,2020-06-11 11:07:27,,,,,,,,2020-06-11
305,2020-06-11,2020-06-11 11:07:27,,,,,,,,2020-06-11
306,2020-06-11,2020-06-11 11:07:27,,,,,,,,2020-06-11
307,2020-06-11,2020-06-11 11:07:27,,,,,,,,2020-06-11
308,2020-06-11,2020-06-11 11:07:27,,,,,,,,2020-06-11
309,2020-06-11,2020-06-11 11:07:27,,,,,,,,2020-06-11
310,2020-06-11,2020-06-11 11:07:27,,,,,,,,2020-06-11
311,2020-06-11,2020-06-11 11:07:27,,,,,,,,2020-06-11
312,2020-06-11,2020-06-11 11:07:27,,,,,,,,2020-06-11
313,2020-06-11,2020-06-11 11:07:27,,,,,,,,2020-06-11
314,2020-06-11,2020-06-11 11:07:27,,,,,,,,2020-06-11
315,2020-06-11,2020-06-11 11:07:27,,,,,,,,2020-06-11
316,2020-06-11,2020-06-11 11:07:27,,,,,,,,2020-06-11
317,2020-06-11,2020-06-11 11:07:27,,,,,,,,2020-06-11
318,2020-06-11,2020-06-11 11:07:27,,,,,,,,2020-06-11
319,2020-06-11,2020-06-11 11:07:27,,,,,,,,2020-06-11
320,2020-06-11,2020-06-11 11:07:27,,,,,,,,2020-06-11
321,2020-06-11,2020-06-11 11:07:27,,,,,,,,2020-06-11
322,2020-06-11,2020-06-11 11:07:27,,,,,,,,2020-06-11
323,2020-06-11,2020-06-11 11:07:27,,,,,,,,2020-06-11
324,2020-06-11,2020-06-11 11:07:27,,,,,,,,2020-06-11
325,2020-06-11,2020-06-11 11:07:27,,,,,,,,2020-06-11
326,2020-06-11,2020-06-11 11:07:27,vivo,26,v2.1.134,mid_856214,Xiaomi,Xiaomi 10 Pro ,Android 11.0,2020-06-11
327,2020-06-11,2020-06-11 11:07:27,,,,,,,,2020-06-11
328,2020-06-11,2020-06-11 11:07:27,,,,,,,,2020-06-11
329,2020-06-11,2020-06-11 11:07:27,,,,,,,,2020-06-11
330,2020-06-11,2020-06-11 11:07:27,,,,,,,,2020-06-11
331,2020-06-11,2020-06-11 11:07:27,,,,,,,,2020-06-11
332,2020-06-11,2020-06-11 11:07:27,,,,,,,,2020-06-11
333,2020-06-11,2020-06-11 11:07:27,,,,,,,,2020-06-11
334,2020-06-11,2020-06-11 11:07:27,,,,,,,,2020-06-11
335,2020-06-11,2020-06-11 11:07:27,wandoujia,24,v2.1.111,mid_804087,Xiaomi,Xiaomi 9,Android 11.0,2020-06-11
336,2020-06-11,2020-06-11 11:07:27,,,,,,,,2020-06-11
337,2020-06-11,2020-06-11 11:07:27,,,,,,,,2020-06-11
338,2020-06-11,2020-06-11 11:07:27,,,,,,,,2020-06-11
339,2020-06-11,2020-06-11 11:07:27,,,,,,,,2020-06-11
340,2020-06-11,2020-06-11 11:07:27,,,,,,,,2020-06-11
341,2020-06-11,2020-06-11 11:07:27,,,,,,,,2020-06-11
342,2020-06-11,2020-06-11 11:07:27,,,,,,,,2020-06-11
343,2020-06-11,2020-06-11 11:07:27,,,,,,,,2020-06-11
344,2020-06-11,2020-06-11 11:07:27,,,,,,,,2020-06-11
345,2020-06-11,2020-06-11 11:07:27,,,,,,,,2020-06-11
346,2020-06-11,2020-06-11 11:07:27,,,,,,,,2020-06-11
347,2020-06-11,2020-06-11 11:07:27,,,,,,,,2020-06-11
348,2020-06-11,2020-06-11 11:07:27,,,,,,,,2020-06-11
349,2020-06-11,2020-06-11 11:07:27,,,,,,,,2020-06-11
350,2020-06-11,2020-06-11 11:07:27,,,,,,,,2020-06-11
351,2020-06-11,2020-06-11 11:07:27,,,,,,,,2020-06-11
352,2020-06-11,2020-06-11 11:07:27,,,,,,,,2020-06-11
353,2020-06-11,2020-06-11 11:07:27,,,,,,,,2020-06-11
354,2020-06-11,2020-06-11 11:07:27,,,,,,,,2020-06-11
355,2020-06-11,2020-06-11 11:07:27,,,,,,,,2020-06-11
356,2020-06-11,2020-06-11 11:07:27,,,,,,,,2020-06-11
357,2020-06-11,2020-06-11 11:07:27,,,,,,,,2020-06-11
358,2020-06-11,2020-06-11 11:07:27,,,,,,,,2020-06-11
359,2020-06-11,2020-06-11 11:07:27,,,,,,,,2020-06-11
360,2020-06-11,2020-06-11 11:07:27,,,,,,,,2020-06-11
361,2020-06-11,2020-06-11 11:07:27,,,,,,,,2020-06-11
362,2020-06-11,2020-06-11 11:07:27,wandoujia,1,v2.1.132,mid_199586,Xiaomi,Xiaomi 9,Android 11.0,2020-06-11
363,2020-06-11,2020-06-11 11:07:27,,,,,,,,2020-06-11
364,2020-06-11,2020-06-11 11:07:27,huawei,13,v2.1.132,mid_182409,Oneplus,Oneplus 7,Android 8.1,2020-06-11
365,2020-06-11,2020-06-11 11:07:27,,,,,,,,2020-06-11
366,2020-06-11,2020-06-11 11:07:27,,,,,,,,2020-06-11
367,2020-06-11,2020-06-11 11:07:27,,,,,,,,2020-06-11
368,2020-06-11,2020-06-11 11:07:27,,,,,,,,2020-06-11
369,2020-06-11,2020-06-11 11:07:27,,,,,,,,2020-06-11
370,2020-06-11,2020-06-11 11:07:27,,,,,,,,2020-06-11
371,2020-06-11,2020-06-11 11:07:27,,,,,,,,2020-06-11
372,2020-06-11,2020-06-11 11:07:27,,,,,,,,2020-06-11
373,2020-06-11,2020-06-11 11:07:27,,,,,,,,2020-06-11
374,2020-06-11,2020-06-11 11:07:27,,,,,,,,2020-06-11
375,2020-06-11,2020-06-11 11:07:27,,,,,,,,2020-06-11
376,2020-06-11,2020-06-11 11:07:27,,,,,,,,2020-06-11
377,2020-06-11,2020-06-11 11:07:27,oppo,1,v2.1.134,mid_356652,Honor,Honor 20s,Android 11.0,2020-06-11
378,2020-06-11,2020-06-11 11:07:27,,,,,,,,2020-06-11
379,2020-06-11,2020-06-11 11:07:27,,,,,,,,2020-06-11
380,2020-06-11,2020-06-11 11:07:27,,,,,,,,2020-06-11
381,2020-06-11,2020-06-11 11:07:27,xiaomi,15,v2.1.132,mid_264820,Oneplus,Oneplus 7,Android 11.0,2020-06-11
382,2020-06-11,2020-06-11 11:07:27,,,,,,,,2020-06-11
383,2020-06-11,2020-06-11 11:07:27,,,,,,,,2020-06-11
384,2020-06-11,2020-06-11 11:07:27,huawei,15,v2.1.111,mid_191306,Xiaomi,Xiaomi 9,Android 11.0,2020-06-11
385,2020-06-11,2020-06-11 11:07:27,,,,,,,,2020-06-11
386,2020-06-11,2020-06-11 11:07:27,,,,,,,,2020-06-11
387,2020-06-11,2020-06-11 11:07:27,,,,,,,,2020-06-11
388,2020-06-11,2020-06-11 11:07:27,,,,,,,,2020-06-11
389,2020-06-11,2020-06-11 11:07:27,,,,,,,,2020-06-11
390,2020-06-11,2020-06-11 11:07:27,,,,,,,,2020-06-11
391,2020-06-11,2020-06-11 11:07:27,,,,,,,,2020-06-11
392,2020-06-11,2020-06-11 11:07:27,,,,,,,,2020-06-11
393,2020-06-11,2020-06-11 11:07:27,,,,,,,,2020-06-11
394,2020-06-11,2020-06-11 11:07:27,,,,,,,,2020-06-11
395,2020-06-11,2020-06-11 11:07:27,,,,,,,,2020-06-11
396,2020-06-11,2020-06-11 11:07:27,,,,,,,,2020-06-11
397,2020-06-11,2020-06-11 11:07:27,,,,,,,,2020-06-11
398,2020-06-11,2020-06-11 11:07:27,,,,,,,,2020-06-11
399,2020-06-11,2020-06-11 11:07:27,,,,,,,,2020-06-11
400,2020-06-11,2020-06-11 11:07:27,,,,,,,,2020-06-11
401,2020-06-12,2020-06-12 11:07:53,,,,,,,,2020-06-12
402,2020-06-12,2020-06-12 11:07:53,oppo,13,v2.1.134,mid_757617,Honor,Honor 20s,Android 10.0,2020-06-12
403,2020-06-12,2020-06-12 11:07:53,,,,,,,,2020-06-12
404,2020-06-12,2020-06-12 11:07:53,,,,,,,,2020-06-12
405,2020-06-12,2020-06-12 11:07:53,,,,,,,,2020-06-12
406,2020-06-12,2020-06-12 11:07:53,,,,,,,,2020-06-12
407,2020-06-12,2020-06-12 11:07:53,,,,,,,,2020-06-12
408,2020-06-12,2020-06-12 11:07:53,,,,,,,,2020-06-12
409,2020-06-12,2020-06-12 11:07:53,,,,,,,,2020-06-12
410,2020-06-12,2020-06-12 11:07:53,,,,,,,,2020-06-12
411,2020-06-12,2020-06-12 11:07:53,,,,,,,,2020-06-12
412,2020-06-12,2020-06-12 11:07:53,,,,,,,,2020-06-12
413,2020-06-12,2020-06-12 11:07:53,,,,,,,,2020-06-12
414,2020-06-12,2020-06-12 11:07:53,,,,,,,,2020-06-12
415,2020-06-12,2020-06-12 11:07:53,,,,,,,,2020-06-12
416,2020-06-12,2020-06-12 11:07:53,,,,,,,,2020-06-12
417,2020-06-12,2020-06-12 11:07:53,,,,,,,,2020-06-12
418,2020-06-12,2020-06-12 11:07:53,xiaomi,6,v2.1.134,mid_842303,Xiaomi,Xiaomi 9,Android 11.0,2020-06-12
419,2020-06-12,2020-06-12 11:07:53,,,,,,,,2020-06-12
420,2020-06-12,2020-06-12 11:07:53,,,,,,,,2020-06-12
421,2020-06-12,2020-06-12 11:07:53,,,,,,,,2020-06-12
422,2020-06-12,2020-06-12 11:07:53,,,,,,,,2020-06-12
423,2020-06-12,2020-06-12 11:07:53,,,,,,,,2020-06-12
424,2020-06-12,2020-06-12 11:07:53,,,,,,,,2020-06-12
425,2020-06-12,2020-06-12 11:07:53,,,,,,,,2020-06-12
426,2020-06-12,2020-06-12 11:07:53,,,,,,,,2020-06-12
427,2020-06-12,2020-06-12 11:07:53,,,,,,,,2020-06-12
428,2020-06-12,2020-06-12 11:07:53,360,26,v2.1.134,mid_575214,vivo,vivo iqoo3,Android 9.0,2020-06-12
429,2020-06-12,2020-06-12 11:07:53,,,,,,,,2020-06-12
430,2020-06-12,2020-06-12 11:07:53,,,,,,,,2020-06-12
431,2020-06-12,2020-06-12 11:07:53,,,,,,,,2020-06-12
432,2020-06-12,2020-06-12 11:07:53,,,,,,,,2020-06-12
433,2020-06-12,2020-06-12 11:07:53,,,,,,,,2020-06-12
434,2020-06-12,2020-06-12 11:07:53,xiaomi,6,v2.1.134,mid_256454,Xiaomi,Xiaomi 9,Android 11.0,2020-06-12
435,2020-06-12,2020-06-12 11:07:53,,,,,,,,2020-06-12
436,2020-06-12,2020-06-12 11:07:53,oppo,6,v2.1.134,mid_820668,Xiaomi,Xiaomi 10 Pro ,Android 11.0,2020-06-12
437,2020-06-12,2020-06-12 11:07:53,,,,,,,,2020-06-12
438,2020-06-12,2020-06-12 11:07:53,,,,,,,,2020-06-12
439,2020-06-12,2020-06-12 11:07:53,,,,,,,,2020-06-12
440,2020-06-12,2020-06-12 11:07:53,,,,,,,,2020-06-12
441,2020-06-12,2020-06-12 11:07:53,,,,,,,,2020-06-12
442,2020-06-12,2020-06-12 11:07:53,,,,,,,,2020-06-12
443,2020-06-12,2020-06-12 11:07:53,,,,,,,,2020-06-12
444,2020-06-12,2020-06-12 11:07:53,,,,,,,,2020-06-12
445,2020-06-12,2020-06-12 11:07:53,,,,,,,,2020-06-12
446,2020-06-12,2020-06-12 11:07:53,,,,,,,,2020-06-12
447,2020-06-12,2020-06-12 11:07:53,,,,,,,,2020-06-12
448,2020-06-12,2020-06-12 11:07:53,,,,,,,,2020-06-12
449,2020-06-12,2020-06-12 11:07:53,huawei,24,v2.1.132,mid_286559,Sumsung,Sumsung Galaxy S20,Android 9.0,2020-06-12
450,2020-06-12,2020-06-12 11:07:53,,,,,,,,2020-06-12
451,2020-06-12,2020-06-12 11:07:53,,,,,,,,2020-06-12
452,2020-06-12,2020-06-12 11:07:53,,,,,,,,2020-06-12
453,2020-06-12,2020-06-12 11:07:53,,,,,,,,2020-06-12
454,2020-06-12,2020-06-12 11:07:53,,,,,,,,2020-06-12
455,2020-06-12,2020-06-12 11:07:53,,,,,,,,2020-06-12
456,2020-06-12,2020-06-12 11:07:53,,,,,,,,2020-06-12
457,2020-06-12,2020-06-12 11:07:53,,,,,,,,2020-06-12
458,2020-06-12,2020-06-12 11:07:53,,,,,,,,2020-06-12
459,2020-06-12,2020-06-12 11:07:53,,,,,,,,2020-06-12
460,2020-06-12,2020-06-12 11:07:53,,,,,,,,2020-06-12
461,2020-06-12,2020-06-12 11:07:53,,,,,,,,2020-06-12
462,2020-06-12,2020-06-12 11:07:53,,,,,,,,2020-06-12
463,2020-06-12,2020-06-12 11:07:53,,,,,,,,2020-06-12
464,2020-06-12,2020-06-12 11:07:53,,,,,,,,2020-06-12
465,2020-06-12,2020-06-12 11:07:53,,,,,,,,2020-06-12
466,2020-06-12,2020-06-12 11:07:53,,,,,,,,2020-06-12
467,2020-06-12,2020-06-12 11:07:53,web,15,v2.1.134,mid_869416,Xiaomi,Xiaomi 10 Pro ,Android 11.0,2020-06-12
468,2020-06-12,2020-06-12 11:07:53,,,,,,,,2020-06-12
469,2020-06-12,2020-06-12 11:07:53,,,,,,,,2020-06-12
470,2020-06-12,2020-06-12 11:07:53,,,,,,,,2020-06-12
471,2020-06-12,2020-06-12 11:07:53,,,,,,,,2020-06-12
472,2020-06-12,2020-06-12 11:07:53,,,,,,,,2020-06-12
473,2020-06-12,2020-06-12 11:07:53,,,,,,,,2020-06-12
474,2020-06-12,2020-06-12 11:07:53,,,,,,,,2020-06-12
475,2020-06-12,2020-06-12 11:07:53,,,,,,,,2020-06-12
476,2020-06-12,2020-06-12 11:07:53,,,,,,,,2020-06-12
477,2020-06-12,2020-06-12 11:07:53,Appstore,1,v2.1.134,mid_900480,iPhone,iPhone X,iOS 13.3.1,2020-06-12
478,2020-06-12,2020-06-12 11:07:53,,,,,,,,2020-06-12
479,2020-06-12,2020-06-12 11:07:53,,,,,,,,2020-06-12
480,2020-06-12,2020-06-12 11:07:53,,,,,,,,2020-06-12
481,2020-06-12,2020-06-12 11:07:53,,,,,,,,2020-06-12
482,2020-06-12,2020-06-12 11:07:53,,,,,,,,2020-06-12
483,2020-06-12,2020-06-12 11:07:53,,,,,,,,2020-06-12
484,2020-06-12,2020-06-12 11:07:53,Appstore,33,v2.1.111,mid_269442,iPhone,iPhone X,iOS 13.3.1,2020-06-12
485,2020-06-12,2020-06-12 11:07:53,,,,,,,,2020-06-12
486,2020-06-12,2020-06-12 11:07:53,,,,,,,,2020-06-12
487,2020-06-12,2020-06-12 11:07:53,,,,,,,,2020-06-12
488,2020-06-12,2020-06-12 11:07:53,,,,,,,,2020-06-12
489,2020-06-12,2020-06-12 11:07:53,,,,,,,,2020-06-12
490,2020-06-12,2020-06-12 11:07:53,,,,,,,,2020-06-12
491,2020-06-12,2020-06-12 11:07:53,,,,,,,,2020-06-12
492,2020-06-12,2020-06-12 11:07:53,,,,,,,,2020-06-12
493,2020-06-12,2020-06-12 11:07:53,,,,,,,,2020-06-12
494,2020-06-12,2020-06-12 11:07:53,,,,,,,,2020-06-12
495,2020-06-12,2020-06-12 11:07:53,,,,,,,,2020-06-12
496,2020-06-12,2020-06-12 11:07:53,,,,,,,,2020-06-12
497,2020-06-12,2020-06-12 11:07:53,,,,,,,,2020-06-12
498,2020-06-12,2020-06-12 11:07:53,,,,,,,,2020-06-12
499,2020-06-12,2020-06-12 11:07:53,,,,,,,,2020-06-12
500,2020-06-12,2020-06-12 11:07:53,,,,,,,,2020-06-12
501,2020-06-12,2020-06-12 11:07:53,,,,,,,,2020-06-12
502,2020-06-12,2020-06-12 11:07:53,,,,,,,,2020-06-12
503,2020-06-12,2020-06-12 11:07:53,,,,,,,,2020-06-12
504,2020-06-12,2020-06-12 11:07:53,,,,,,,,2020-06-12
505,2020-06-12,2020-06-12 11:07:53,,,,,,,,2020-06-12
506,2020-06-12,2020-06-12 11:07:53,,,,,,,,2020-06-12
507,2020-06-12,2020-06-12 11:07:53,,,,,,,,2020-06-12
508,2020-06-12,2020-06-12 11:07:53,,,,,,,,2020-06-12
509,2020-06-12,2020-06-12 11:07:53,,,,,,,,2020-06-12
510,2020-06-12,2020-06-12 11:07:53,Appstore,1,v2.1.134,mid_703519,iPhone,iPhone Xs Max,iOS 13.3.1,2020-06-12
511,2020-06-12,2020-06-12 11:07:53,,,,,,,,2020-06-12
512,2020-06-12,2020-06-12 11:07:53,,,,,,,,2020-06-12
513,2020-06-12,2020-06-12 11:07:53,,,,,,,,2020-06-12
514,2020-06-12,2020-06-12 11:07:53,,,,,,,,2020-06-12
515,2020-06-12,2020-06-12 11:07:53,,,,,,,,2020-06-12
516,2020-06-12,2020-06-12 11:07:53,,,,,,,,2020-06-12
517,2020-06-12,2020-06-12 11:07:53,,,,,,,,2020-06-12
518,2020-06-12,2020-06-12 11:07:53,,,,,,,,2020-06-12
519,2020-06-12,2020-06-12 11:07:53,,,,,,,,2020-06-12
520,2020-06-12,2020-06-12 11:07:53,,,,,,,,2020-06-12
521,2020-06-12,2020-06-12 11:07:53,,,,,,,,2020-06-12
522,2020-06-12,2020-06-12 11:07:53,,,,,,,,2020-06-12
523,2020-06-12,2020-06-12 11:07:53,,,,,,,,2020-06-12
524,2020-06-12,2020-06-12 11:07:53,,,,,,,,2020-06-12
525,2020-06-12,2020-06-12 11:07:53,,,,,,,,2020-06-12
526,2020-06-12,2020-06-12 11:07:53,,,,,,,,2020-06-12
527,2020-06-12,2020-06-12 11:07:53,,,,,,,,2020-06-12
528,2020-06-12,2020-06-12 11:07:53,,,,,,,,2020-06-12
529,2020-06-12,2020-06-12 11:07:53,,,,,,,,2020-06-12
530,2020-06-12,2020-06-12 11:07:53,,,,,,,,2020-06-12
531,2020-06-12,2020-06-12 11:07:53,,,,,,,,2020-06-12
532,2020-06-12,2020-06-12 11:07:53,,,,,,,,2020-06-12
533,2020-06-12,2020-06-12 11:07:53,,,,,,,,2020-06-12
534,2020-06-12,2020-06-12 11:07:53,,,,,,,,2020-06-12
535,2020-06-12,2020-06-12 11:07:53,,,,,,,,2020-06-12
536,2020-06-12,2020-06-12 11:07:53,,,,,,,,2020-06-12
537,2020-06-12,2020-06-12 11:07:53,,,,,,,,2020-06-12
538,2020-06-12,2020-06-12 11:07:53,,,,,,,,2020-06-12
539,2020-06-12,2020-06-12 11:07:53,,,,,,,,2020-06-12
540,2020-06-12,2020-06-12 11:07:53,,,,,,,,2020-06-12
541,2020-06-12,2020-06-12 11:07:53,,,,,,,,2020-06-12
542,2020-06-12,2020-06-12 11:07:53,,,,,,,,2020-06-12
543,2020-06-12,2020-06-12 11:07:53,,,,,,,,2020-06-12
544,2020-06-12,2020-06-12 11:07:53,,,,,,,,2020-06-12
545,2020-06-12,2020-06-12 11:07:53,,,,,,,,2020-06-12
546,2020-06-12,2020-06-12 11:07:53,,,,,,,,2020-06-12
547,2020-06-12,2020-06-12 11:07:53,,,,,,,,2020-06-12
548,2020-06-12,2020-06-12 11:07:53,,,,,,,,2020-06-12
549,2020-06-12,2020-06-12 11:07:53,,,,,,,,2020-06-12
550,2020-06-12,2020-06-12 11:07:53,,,,,,,,2020-06-12
551,2020-06-12,2020-06-12 11:07:53,,,,,,,,2020-06-12
552,2020-06-12,2020-06-12 11:07:53,,,,,,,,2020-06-12
553,2020-06-12,2020-06-12 11:07:53,,,,,,,,2020-06-12
554,2020-06-12,2020-06-12 11:07:53,,,,,,,,2020-06-12
555,2020-06-12,2020-06-12 11:07:53,,,,,,,,2020-06-12
556,2020-06-12,2020-06-12 11:07:53,,,,,,,,2020-06-12
557,2020-06-12,2020-06-12 11:07:53,Appstore,6,v2.1.134,mid_432871,iPhone,iPhone Xs Max,iOS 13.2.9,2020-06-12
558,2020-06-12,2020-06-12 11:07:53,,,,,,,,2020-06-12
559,2020-06-12,2020-06-12 11:07:53,,,,,,,,2020-06-12
560,2020-06-12,2020-06-12 11:07:53,,,,,,,,2020-06-12
561,2020-06-12,2020-06-12 11:07:53,,,,,,,,2020-06-12
562,2020-06-12,2020-06-12 11:07:53,,,,,,,,2020-06-12
563,2020-06-12,2020-06-12 11:07:53,,,,,,,,2020-06-12
564,2020-06-12,2020-06-12 11:07:53,,,,,,,,2020-06-12
565,2020-06-12,2020-06-12 11:07:53,,,,,,,,2020-06-12
566,2020-06-12,2020-06-12 11:07:53,,,,,,,,2020-06-12
567,2020-06-12,2020-06-12 11:07:53,Appstore,1,v2.1.111,mid_803497,iPhone,iPhone Xs,iOS 13.2.3,2020-06-12
568,2020-06-12,2020-06-12 11:07:53,,,,,,,,2020-06-12
569,2020-06-12,2020-06-12 11:07:53,,,,,,,,2020-06-12
570,2020-06-12,2020-06-12 11:07:53,,,,,,,,2020-06-12
571,2020-06-12,2020-06-12 11:07:53,xiaomi,1,v2.1.134,mid_493818,Huawei,Huawei Mate 30,Android 11.0,2020-06-12
572,2020-06-12,2020-06-12 11:07:53,,,,,,,,2020-06-12
573,2020-06-12,2020-06-12 11:07:53,,,,,,,,2020-06-12
574,2020-06-12,2020-06-12 11:07:53,,,,,,,,2020-06-12
575,2020-06-12,2020-06-12 11:07:53,,,,,,,,2020-06-12
576,2020-06-12,2020-06-12 11:07:53,xiaomi,1,v2.1.134,mid_556385,Xiaomi,Xiaomi 9,Android 11.0,2020-06-12
577,2020-06-12,2020-06-12 11:07:53,,,,,,,,2020-06-12
578,2020-06-12,2020-06-12 11:07:53,,,,,,,,2020-06-12
579,2020-06-12,2020-06-12 11:07:53,,,,,,,,2020-06-12
580,2020-06-12,2020-06-12 11:07:53,,,,,,,,2020-06-12
581,2020-06-12,2020-06-12 11:07:53,,,,,,,,2020-06-12
582,2020-06-12,2020-06-12 11:07:53,,,,,,,,2020-06-12
583,2020-06-12,2020-06-12 11:07:53,,,,,,,,2020-06-12
584,2020-06-12,2020-06-12 11:07:53,,,,,,,,2020-06-12
585,2020-06-12,2020-06-12 11:07:53,,,,,,,,2020-06-12
586,2020-06-12,2020-06-12 11:07:53,,,,,,,,2020-06-12
587,2020-06-12,2020-06-12 11:07:53,,,,,,,,2020-06-12
588,2020-06-12,2020-06-12 11:07:53,,,,,,,,2020-06-12
589,2020-06-12,2020-06-12 11:07:53,,,,,,,,2020-06-12
590,2020-06-12,2020-06-12 11:07:53,,,,,,,,2020-06-12
591,2020-06-12,2020-06-12 11:07:53,,,,,,,,2020-06-12
592,2020-06-12,2020-06-12 11:07:53,,,,,,,,2020-06-12
593,2020-06-12,2020-06-12 11:07:53,,,,,,,,2020-06-12
594,2020-06-12,2020-06-12 11:07:53,,,,,,,,2020-06-12
595,2020-06-12,2020-06-12 11:07:53,,,,,,,,2020-06-12
596,2020-06-12,2020-06-12 11:07:53,,,,,,,,2020-06-12
597,2020-06-12,2020-06-12 11:07:53,,,,,,,,2020-06-12
598,2020-06-12,2020-06-12 11:07:53,,,,,,,,2020-06-12
599,2020-06-12,2020-06-12 11:07:53,,,,,,,,2020-06-12
600,2020-06-12,2020-06-12 11:07:53,,,,,,,,2020-06-12
601,2020-06-13,2020-06-13 11:08:12,,,,,,,,2020-06-13
602,2020-06-13,2020-06-13 11:08:12,,,,,,,,2020-06-13
603,2020-06-13,2020-06-13 11:08:12,,,,,,,,2020-06-13
604,2020-06-13,2020-06-13 11:08:12,,,,,,,,2020-06-13
605,2020-06-13,2020-06-13 11:08:12,,,,,,,,2020-06-13
606,2020-06-13,2020-06-13 11:08:12,,,,,,,,2020-06-13
607,2020-06-13,2020-06-13 11:08:12,,,,,,,,2020-06-13
608,2020-06-13,2020-06-13 11:08:12,,,,,,,,2020-06-13
609,2020-06-13,2020-06-13 11:08:12,,,,,,,,2020-06-13
610,2020-06-13,2020-06-13 11:08:12,oppo,15,v2.1.132,mid_952217,vivo,vivo iqoo3,Android 10.0,2020-06-13
611,2020-06-13,2020-06-13 11:08:12,,,,,,,,2020-06-13
612,2020-06-13,2020-06-13 11:08:12,,,,,,,,2020-06-13
613,2020-06-13,2020-06-13 11:08:12,,,,,,,,2020-06-13
614,2020-06-13,2020-06-13 11:08:12,,,,,,,,2020-06-13
615,2020-06-13,2020-06-13 11:08:12,,,,,,,,2020-06-13
616,2020-06-13,2020-06-13 11:08:12,,,,,,,,2020-06-13
617,2020-06-13,2020-06-13 11:08:12,,,,,,,,2020-06-13
618,2020-06-13,2020-06-13 11:08:12,,,,,,,,2020-06-13
619,2020-06-13,2020-06-13 11:08:12,,,,,,,,2020-06-13
620,2020-06-13,2020-06-13 11:08:12,,,,,,,,2020-06-13
621,2020-06-13,2020-06-13 11:08:12,,,,,,,,2020-06-13
622,2020-06-13,2020-06-13 11:08:12,,,,,,,,2020-06-13
623,2020-06-13,2020-06-13 11:08:12,,,,,,,,2020-06-13
624,2020-06-13,2020-06-13 11:08:12,,,,,,,,2020-06-13
625,2020-06-13,2020-06-13 11:08:12,,,,,,,,2020-06-13
626,2020-06-13,2020-06-13 11:08:12,,,,,,,,2020-06-13
627,2020-06-13,2020-06-13 11:08:12,,,,,,,,2020-06-13
628,2020-06-13,2020-06-13 11:08:12,,,,,,,,2020-06-13
629,2020-06-13,2020-06-13 11:08:12,,,,,,,,2020-06-13
630,2020-06-13,2020-06-13 11:08:12,,,,,,,,2020-06-13
631,2020-06-13,2020-06-13 11:08:12,,,,,,,,2020-06-13
632,2020-06-13,2020-06-13 11:08:12,,,,,,,,2020-06-13
633,2020-06-13,2020-06-13 11:08:12,,,,,,,,2020-06-13
634,2020-06-13,2020-06-13 11:08:12,,,,,,,,2020-06-13
635,2020-06-13,2020-06-13 11:08:12,,,,,,,,2020-06-13
636,2020-06-13,2020-06-13 11:08:12,,,,,,,,2020-06-13
637,2020-06-13,2020-06-13 11:08:12,,,,,,,,2020-06-13
638,2020-06-13,2020-06-13 11:08:12,,,,,,,,2020-06-13
639,2020-06-13,2020-06-13 11:08:12,,,,,,,,2020-06-13
640,2020-06-13,2020-06-13 11:08:12,,,,,,,,2020-06-13
641,2020-06-13,2020-06-13 11:08:12,,,,,,,,2020-06-13
642,2020-06-13,2020-06-13 11:08:12,,,,,,,,2020-06-13
643,2020-06-13,2020-06-13 11:08:12,,,,,,,,2020-06-13
644,2020-06-13,2020-06-13 11:08:12,,,,,,,,2020-06-13
645,2020-06-13,2020-06-13 11:08:12,,,,,,,,2020-06-13
646,2020-06-13,2020-06-13 11:08:12,,,,,,,,2020-06-13
647,2020-06-13,2020-06-13 11:08:12,,,,,,,,2020-06-13
648,2020-06-13,2020-06-13 11:08:12,xiaomi,1,v2.1.134,mid_253895,vivo,vivo iqoo3,Android 10.0,2020-06-13
649,2020-06-13,2020-06-13 11:08:12,,,,,,,,2020-06-13
650,2020-06-13,2020-06-13 11:08:12,,,,,,,,2020-06-13
651,2020-06-13,2020-06-13 11:08:12,,,,,,,,2020-06-13
652,2020-06-13,2020-06-13 11:08:12,,,,,,,,2020-06-13
653,2020-06-13,2020-06-13 11:08:12,,,,,,,,2020-06-13
654,2020-06-13,2020-06-13 11:08:12,,,,,,,,2020-06-13
655,2020-06-13,2020-06-13 11:08:12,,,,,,,,2020-06-13
656,2020-06-13,2020-06-13 11:08:12,,,,,,,,2020-06-13
657,2020-06-13,2020-06-13 11:08:12,,,,,,,,2020-06-13
658,2020-06-13,2020-06-13 11:08:12,,,,,,,,2020-06-13
659,2020-06-13,2020-06-13 11:08:12,,,,,,,,2020-06-13
660,2020-06-13,2020-06-13 11:08:12,,,,,,,,2020-06-13
661,2020-06-13,2020-06-13 11:08:12,oppo,6,v2.1.134,mid_850292,Xiaomi,Xiaomi 9,Android 10.0,2020-06-13
662,2020-06-13,2020-06-13 11:08:12,,,,,,,,2020-06-13
663,2020-06-13,2020-06-13 11:08:12,,,,,,,,2020-06-13
664,2020-06-13,2020-06-13 11:08:12,,,,,,,,2020-06-13
665,2020-06-13,2020-06-13 11:08:12,,,,,,,,2020-06-13
666,2020-06-13,2020-06-13 11:08:12,,,,,,,,2020-06-13
667,2020-06-13,2020-06-13 11:08:12,,,,,,,,2020-06-13
668,2020-06-13,2020-06-13 11:08:12,,,,,,,,2020-06-13
669,2020-06-13,2020-06-13 11:08:12,,,,,,,,2020-06-13
670,2020-06-13,2020-06-13 11:08:12,,,,,,,,2020-06-13
671,2020-06-13,2020-06-13 11:08:12,,,,,,,,2020-06-13
672,2020-06-13,2020-06-13 11:08:12,,,,,,,,2020-06-13
673,2020-06-13,2020-06-13 11:08:12,,,,,,,,2020-06-13
674,2020-06-13,2020-06-13 11:08:12,,,,,,,,2020-06-13
675,2020-06-13,2020-06-13 11:08:12,,,,,,,,2020-06-13
676,2020-06-13,2020-06-13 11:08:12,,,,,,,,2020-06-13
677,2020-06-13,2020-06-13 11:08:12,,,,,,,,2020-06-13
678,2020-06-13,2020-06-13 11:08:12,,,,,,,,2020-06-13
679,2020-06-13,2020-06-13 11:08:12,,,,,,,,2020-06-13
680,2020-06-13,2020-06-13 11:08:12,,,,,,,,2020-06-13
681,2020-06-13,2020-06-13 11:08:12,,,,,,,,2020-06-13
682,2020-06-13,2020-06-13 11:08:12,xiaomi,26,v2.1.134,mid_266408,vivo,vivo iqoo3,Android 11.0,2020-06-13
683,2020-06-13,2020-06-13 11:08:12,,,,,,,,2020-06-13
684,2020-06-13,2020-06-13 11:08:12,,,,,,,,2020-06-13
685,2020-06-13,2020-06-13 11:08:12,,,,,,,,2020-06-13
686,2020-06-13,2020-06-13 11:08:12,,,,,,,,2020-06-13
687,2020-06-13,2020-06-13 11:08:12,,,,,,,,2020-06-13
688,2020-06-13,2020-06-13 11:08:12,,,,,,,,2020-06-13
689,2020-06-13,2020-06-13 11:08:12,,,,,,,,2020-06-13
690,2020-06-13,2020-06-13 11:08:12,,,,,,,,2020-06-13
691,2020-06-13,2020-06-13 11:08:12,,,,,,,,2020-06-13
692,2020-06-13,2020-06-13 11:08:12,,,,,,,,2020-06-13
693,2020-06-13,2020-06-13 11:08:12,,,,,,,,2020-06-13
694,2020-06-13,2020-06-13 11:08:12,,,,,,,,2020-06-13
695,2020-06-13,2020-06-13 11:08:12,,,,,,,,2020-06-13
696,2020-06-13,2020-06-13 11:08:12,,,,,,,,2020-06-13
697,2020-06-13,2020-06-13 11:08:12,,,,,,,,2020-06-13
698,2020-06-13,2020-06-13 11:08:12,,,,,,,,2020-06-13
699,2020-06-13,2020-06-13 11:08:12,,,,,,,,2020-06-13
700,2020-06-13,2020-06-13 11:08:12,,,,,,,,2020-06-13
701,2020-06-13,2020-06-13 11:08:12,,,,,,,,2020-06-13
702,2020-06-13,2020-06-13 11:08:12,Appstore,13,v2.1.134,mid_292601,iPhone,iPhone Xs Max,iOS 13.3.1,2020-06-13
703,2020-06-13,2020-06-13 11:08:12,,,,,,,,2020-06-13
704,2020-06-13,2020-06-13 11:08:12,,,,,,,,2020-06-13
705,2020-06-13,2020-06-13 11:08:12,,,,,,,,2020-06-13
706,2020-06-13,2020-06-13 11:08:12,,,,,,,,2020-06-13
707,2020-06-13,2020-06-13 11:08:12,,,,,,,,2020-06-13
708,2020-06-13,2020-06-13 11:08:12,,,,,,,,2020-06-13
709,2020-06-13,2020-06-13 11:08:12,,,,,,,,2020-06-13
710,2020-06-13,2020-06-13 11:08:12,,,,,,,,2020-06-13
711,2020-06-13,2020-06-13 11:08:12,Appstore,6,v2.1.134,mid_905613,iPhone,iPhone 8,iOS 13.2.3,2020-06-13
712,2020-06-13,2020-06-13 11:08:12,,,,,,,,2020-06-13
713,2020-06-13,2020-06-13 11:08:12,,,,,,,,2020-06-13
714,2020-06-13,2020-06-13 11:08:12,,,,,,,,2020-06-13
715,2020-06-13,2020-06-13 11:08:12,,,,,,,,2020-06-13
716,2020-06-13,2020-06-13 11:08:12,,,,,,,,2020-06-13
717,2020-06-13,2020-06-13 11:08:12,,,,,,,,2020-06-13
718,2020-06-13,2020-06-13 11:08:12,,,,,,,,2020-06-13
719,2020-06-13,2020-06-13 11:08:12,,,,,,,,2020-06-13
720,2020-06-13,2020-06-13 11:08:12,,,,,,,,2020-06-13
721,2020-06-13,2020-06-13 11:08:12,,,,,,,,2020-06-13
722,2020-06-13,2020-06-13 11:08:12,,,,,,,,2020-06-13
723,2020-06-13,2020-06-13 11:08:12,,,,,,,,2020-06-13
724,2020-06-13,2020-06-13 11:08:12,,,,,,,,2020-06-13
725,2020-06-13,2020-06-13 11:08:12,,,,,,,,2020-06-13
726,2020-06-13,2020-06-13 11:08:12,,,,,,,,2020-06-13
727,2020-06-13,2020-06-13 11:08:12,,,,,,,,2020-06-13
728,2020-06-13,2020-06-13 11:08:12,,,,,,,,2020-06-13
729,2020-06-13,2020-06-13 11:08:12,,,,,,,,2020-06-13
730,2020-06-13,2020-06-13 11:08:12,,,,,,,,2020-06-13
731,2020-06-13,2020-06-13 11:08:12,,,,,,,,2020-06-13
732,2020-06-13,2020-06-13 11:08:12,,,,,,,,2020-06-13
733,2020-06-13,2020-06-13 11:08:12,,,,,,,,2020-06-13
734,2020-06-13,2020-06-13 11:08:12,,,,,,,,2020-06-13
735,2020-06-13,2020-06-13 11:08:12,,,,,,,,2020-06-13
736,2020-06-13,2020-06-13 11:08:12,,,,,,,,2020-06-13
737,2020-06-13,2020-06-13 11:08:12,,,,,,,,2020-06-13
738,2020-06-13,2020-06-13 11:08:12,,,,,,,,2020-06-13
739,2020-06-13,2020-06-13 11:08:12,,,,,,,,2020-06-13
740,2020-06-13,2020-06-13 11:08:12,,,,,,,,2020-06-13
741,2020-06-13,2020-06-13 11:08:12,,,,,,,,2020-06-13
742,2020-06-13,2020-06-13 11:08:12,xiaomi,26,v2.1.134,mid_94075,vivo,vivo iqoo3,Android 10.0,2020-06-13
743,2020-06-13,2020-06-13 11:08:12,,,,,,,,2020-06-13
744,2020-06-13,2020-06-13 11:08:12,,,,,,,,2020-06-13
745,2020-06-13,2020-06-13 11:08:12,,,,,,,,2020-06-13
746,2020-06-13,2020-06-13 11:08:12,,,,,,,,2020-06-13
747,2020-06-13,2020-06-13 11:08:12,,,,,,,,2020-06-13
748,2020-06-13,2020-06-13 11:08:12,,,,,,,,2020-06-13
749,2020-06-13,2020-06-13 11:08:12,,,,,,,,2020-06-13
750,2020-06-13,2020-06-13 11:08:12,,,,,,,,2020-06-13
751,2020-06-13,2020-06-13 11:08:12,,,,,,,,2020-06-13
752,2020-06-13,2020-06-13 11:08:12,,,,,,,,2020-06-13
753,2020-06-13,2020-06-13 11:08:12,huawei,26,v2.1.132,mid_356598,Honor,Honor 20s,Android 10.0,2020-06-13
754,2020-06-13,2020-06-13 11:08:12,,,,,,,,2020-06-13
755,2020-06-13,2020-06-13 11:08:12,,,,,,,,2020-06-13
756,2020-06-13,2020-06-13 11:08:12,,,,,,,,2020-06-13
757,2020-06-13,2020-06-13 11:08:12,Appstore,26,v2.1.132,mid_841336,iPhone,iPhone Xs Max,iOS 13.3.1,2020-06-13
758,2020-06-13,2020-06-13 11:08:12,,,,,,,,2020-06-13
759,2020-06-13,2020-06-13 11:08:12,,,,,,,,2020-06-13
760,2020-06-13,2020-06-13 11:08:12,,,,,,,,2020-06-13
761,2020-06-13,2020-06-13 11:08:12,,,,,,,,2020-06-13
762,2020-06-13,2020-06-13 11:08:12,,,,,,,,2020-06-13
763,2020-06-13,2020-06-13 11:08:12,,,,,,,,2020-06-13
764,2020-06-13,2020-06-13 11:08:12,,,,,,,,2020-06-13
765,2020-06-13,2020-06-13 11:08:12,,,,,,,,2020-06-13
766,2020-06-13,2020-06-13 11:08:12,,,,,,,,2020-06-13
767,2020-06-13,2020-06-13 11:08:12,,,,,,,,2020-06-13
768,2020-06-13,2020-06-13 11:08:12,,,,,,,,2020-06-13
769,2020-06-13,2020-06-13 11:08:12,,,,,,,,2020-06-13
770,2020-06-13,2020-06-13 11:08:12,,,,,,,,2020-06-13
771,2020-06-13,2020-06-13 11:08:12,,,,,,,,2020-06-13
772,2020-06-13,2020-06-13 11:08:12,,,,,,,,2020-06-13
773,2020-06-13,2020-06-13 11:08:12,,,,,,,,2020-06-13
774,2020-06-13,2020-06-13 11:08:12,,,,,,,,2020-06-13
775,2020-06-13,2020-06-13 11:08:12,,,,,,,,2020-06-13
776,2020-06-13,2020-06-13 11:08:12,,,,,,,,2020-06-13
777,2020-06-13,2020-06-13 11:08:12,,,,,,,,2020-06-13
778,2020-06-13,2020-06-13 11:08:12,,,,,,,,2020-06-13
779,2020-06-13,2020-06-13 11:08:12,,,,,,,,2020-06-13
780,2020-06-13,2020-06-13 11:08:12,,,,,,,,2020-06-13
781,2020-06-13,2020-06-13 11:08:12,,,,,,,,2020-06-13
782,2020-06-13,2020-06-13 11:08:12,,,,,,,,2020-06-13
783,2020-06-13,2020-06-13 11:08:12,,,,,,,,2020-06-13
784,2020-06-13,2020-06-13 11:08:12,,,,,,,,2020-06-13
785,2020-06-13,2020-06-13 11:08:12,,,,,,,,2020-06-13
786,2020-06-13,2020-06-13 11:08:12,,,,,,,,2020-06-13
787,2020-06-13,2020-06-13 11:08:12,,,,,,,,2020-06-13
788,2020-06-13,2020-06-13 11:08:12,,,,,,,,2020-06-13
789,2020-06-13,2020-06-13 11:08:12,,,,,,,,2020-06-13
790,2020-06-13,2020-06-13 11:08:12,,,,,,,,2020-06-13
791,2020-06-13,2020-06-13 11:08:12,,,,,,,,2020-06-13
792,2020-06-13,2020-06-13 11:08:12,,,,,,,,2020-06-13
793,2020-06-13,2020-06-13 11:08:12,,,,,,,,2020-06-13
794,2020-06-13,2020-06-13 11:08:12,,,,,,,,2020-06-13
795,2020-06-13,2020-06-13 11:08:12,,,,,,,,2020-06-13
796,2020-06-13,2020-06-13 11:08:12,,,,,,,,2020-06-13
797,2020-06-13,2020-06-13 11:08:12,,,,,,,,2020-06-13
798,2020-06-13,2020-06-13 11:08:12,,,,,,,,2020-06-13
799,2020-06-13,2020-06-13 11:08:12,,,,,,,,2020-06-13
800,2020-06-13,2020-06-13 11:08:12,,,,,,,,2020-06-13
2801,2020-06-14,2020-06-14 17:23:00,,,,,,,,2020-06-14
2802,2020-06-14,2020-06-14 17:23:00,,,,,,,,2020-06-14
2803,2020-06-14,2020-06-14 17:23:00,,,,,,,,2020-06-14
2804,2020-06-14,2020-06-14 17:23:00,,,,,,,,2020-06-14
2805,2020-06-14,2020-06-14 17:23:00,,,,,,,,2020-06-14
2806,2020-06-14,2020-06-14 17:23:00,,,,,,,,2020-06-14
2807,2020-06-14,2020-06-14 17:23:00,,,,,,,,2020-06-14
2808,2020-06-14,2020-06-14 17:23:00,,,,,,,,2020-06-14
2809,2020-06-14,2020-06-14 17:23:00,,,,,,,,2020-06-14
2810,2020-06-14,2020-06-14 17:23:00,,,,,,,,2020-06-14
2811,2020-06-14,2020-06-14 17:23:00,,,,,,,,2020-06-14
2812,2020-06-14,2020-06-14 17:23:00,,,,,,,,2020-06-14
2813,2020-06-14,2020-06-14 17:23:00,,,,,,,,2020-06-14
2814,2020-06-14,2020-06-14 17:23:00,,,,,,,,2020-06-14
2815,2020-06-14,2020-06-14 17:23:00,,,,,,,,2020-06-14
2816,2020-06-14,2020-06-14 17:23:00,,,,,,,,2020-06-14
2817,2020-06-14,2020-06-14 17:23:00,,,,,,,,2020-06-14
2818,2020-06-14,2020-06-14 17:23:00,,,,,,,,2020-06-14
2819,2020-06-14,2020-06-14 17:23:00,,,,,,,,2020-06-14
2820,2020-06-14,2020-06-14 17:23:00,,,,,,,,2020-06-14
2821,2020-06-14,2020-06-14 17:23:00,,,,,,,,2020-06-14
2822,2020-06-14,2020-06-14 17:23:00,,,,,,,,2020-06-14
2823,2020-06-14,2020-06-14 17:23:00,,,,,,,,2020-06-14
2824,2020-06-14,2020-06-14 17:23:00,,,,,,,,2020-06-14
2825,2020-06-14,2020-06-14 17:23:00,,,,,,,,2020-06-14
2826,2020-06-14,2020-06-14 17:23:00,,,,,,,,2020-06-14
2827,2020-06-14,2020-06-14 17:23:00,,,,,,,,2020-06-14
2828,2020-06-14,2020-06-14 17:23:00,,,,,,,,2020-06-14
2829,2020-06-14,2020-06-14 17:23:00,,,,,,,,2020-06-14
2830,2020-06-14,2020-06-14 17:23:00,,,,,,,,2020-06-14
2831,2020-06-14,2020-06-14 17:23:00,,,,,,,,2020-06-14
2832,2020-06-14,2020-06-14 17:23:00,,,,,,,,2020-06-14
2833,2020-06-14,2020-06-14 17:23:00,,,,,,,,2020-06-14
2834,2020-06-14,2020-06-14 17:23:00,,,,,,,,2020-06-14
2835,2020-06-14,2020-06-14 17:23:00,,,,,,,,2020-06-14
2836,2020-06-14,2020-06-14 17:23:00,,,,,,,,2020-06-14
2837,2020-06-14,2020-06-14 17:23:00,,,,,,,,2020-06-14
2838,2020-06-14,2020-06-14 17:23:00,,,,,,,,2020-06-14
2839,2020-06-14,2020-06-14 17:23:00,,,,,,,,2020-06-14
2840,2020-06-14,2020-06-14 17:23:00,,,,,,,,2020-06-14
2841,2020-06-14,2020-06-14 17:23:00,,,,,,,,2020-06-14
2842,2020-06-14,2020-06-14 17:23:00,,,,,,,,2020-06-14
2843,2020-06-14,2020-06-14 17:23:00,,,,,,,,2020-06-14
2844,2020-06-14,2020-06-14 17:23:00,,,,,,,,2020-06-14
2845,2020-06-14,2020-06-14 17:23:00,,,,,,,,2020-06-14
2846,2020-06-14,2020-06-14 17:23:00,,,,,,,,2020-06-14
2847,2020-06-14,2020-06-14 17:23:00,,,,,,,,2020-06-14
2848,2020-06-14,2020-06-14 17:23:00,,,,,,,,2020-06-14
2849,2020-06-14,2020-06-14 17:23:00,,,,,,,,2020-06-14
2850,2020-06-14,2020-06-14 17:23:00,,,,,,,,2020-06-14
2851,2020-06-14,2020-06-14 17:23:00,,,,,,,,2020-06-14
2852,2020-06-14,2020-06-14 17:23:00,,,,,,,,2020-06-14
2853,2020-06-14,2020-06-14 17:23:00,,,,,,,,2020-06-14
2854,2020-06-14,2020-06-14 17:23:00,,,,,,,,2020-06-14
2855,2020-06-14,2020-06-14 17:23:00,,,,,,,,2020-06-14
2856,2020-06-14,2020-06-14 17:23:00,,,,,,,,2020-06-14
2857,2020-06-14,2020-06-14 17:23:00,,,,,,,,2020-06-14
2858,2020-06-14,2020-06-14 17:23:00,,,,,,,,2020-06-14
2859,2020-06-14,2020-06-14 17:23:00,,,,,,,,2020-06-14
2860,2020-06-14,2020-06-14 17:23:00,,,,,,,,2020-06-14
2861,2020-06-14,2020-06-14 17:23:00,,,,,,,,2020-06-14
2862,2020-06-14,2020-06-14 17:23:00,,,,,,,,2020-06-14
2863,2020-06-14,2020-06-14 17:23:00,,,,,,,,2020-06-14
2864,2020-06-14,2020-06-14 17:23:00,,,,,,,,2020-06-14
2865,2020-06-14,2020-06-14 17:23:00,,,,,,,,2020-06-14
2866,2020-06-14,2020-06-14 17:23:00,,,,,,,,2020-06-14
2867,2020-06-14,2020-06-14 17:23:00,,,,,,,,2020-06-14
2868,2020-06-14,2020-06-14 17:23:00,,,,,,,,2020-06-14
2869,2020-06-14,2020-06-14 17:23:00,,,,,,,,2020-06-14
2870,2020-06-14,2020-06-14 17:23:00,,,,,,,,2020-06-14
2871,2020-06-14,2020-06-14 17:23:00,,,,,,,,2020-06-14
2872,2020-06-14,2020-06-14 17:23:00,,,,,,,,2020-06-14
2873,2020-06-14,2020-06-14 17:23:00,,,,,,,,2020-06-14
2874,2020-06-14,2020-06-14 17:23:00,,,,,,,,2020-06-14
2875,2020-06-14,2020-06-14 17:23:00,,,,,,,,2020-06-14
2876,2020-06-14,2020-06-14 17:23:00,,,,,,,,2020-06-14
2877,2020-06-14,2020-06-14 17:23:00,,,,,,,,2020-06-14
2878,2020-06-14,2020-06-14 17:23:00,,,,,,,,2020-06-14
2879,2020-06-14,2020-06-14 17:23:00,,,,,,,,2020-06-14
2880,2020-06-14,2020-06-14 17:23:00,,,,,,,,2020-06-14
2881,2020-06-14,2020-06-14 17:23:00,,,,,,,,2020-06-14
2882,2020-06-14,2020-06-14 17:23:00,,,,,,,,2020-06-14
2883,2020-06-14,2020-06-14 17:23:00,,,,,,,,2020-06-14
2884,2020-06-14,2020-06-14 17:23:00,,,,,,,,2020-06-14
2885,2020-06-14,2020-06-14 17:23:00,,,,,,,,2020-06-14
2886,2020-06-14,2020-06-14 17:23:00,,,,,,,,2020-06-14
2887,2020-06-14,2020-06-14 17:23:00,,,,,,,,2020-06-14
2888,2020-06-14,2020-06-14 17:23:00,,,,,,,,2020-06-14
2889,2020-06-14,2020-06-14 17:23:00,,,,,,,,2020-06-14
2890,2020-06-14,2020-06-14 17:23:00,,,,,,,,2020-06-14
2891,2020-06-14,2020-06-14 17:23:00,,,,,,,,2020-06-14
2892,2020-06-14,2020-06-14 17:23:00,,,,,,,,2020-06-14
2893,2020-06-14,2020-06-14 17:23:00,,,,,,,,2020-06-14
2894,2020-06-14,2020-06-14 17:23:00,,,,,,,,2020-06-14
2895,2020-06-14,2020-06-14 17:23:00,,,,,,,,2020-06-14
2896,2020-06-14,2020-06-14 17:23:00,,,,,,,,2020-06-14
2897,2020-06-14,2020-06-14 17:23:00,,,,,,,,2020-06-14
2898,2020-06-14,2020-06-14 17:23:00,,,,,,,,2020-06-14
2899,2020-06-14,2020-06-14 17:23:00,,,,,,,,2020-06-14
2900,2020-06-14,2020-06-14 17:23:00,,,,,,,,2020-06-14
2901,2020-06-14,2020-06-14 17:23:00,,,,,,,,2020-06-14
2902,2020-06-14,2020-06-14 17:23:00,,,,,,,,2020-06-14
2903,2020-06-14,2020-06-14 17:23:00,,,,,,,,2020-06-14
2904,2020-06-14,2020-06-14 17:23:00,,,,,,,,2020-06-14
2905,2020-06-14,2020-06-14 17:23:00,,,,,,,,2020-06-14
2906,2020-06-14,2020-06-14 17:23:00,,,,,,,,2020-06-14
2907,2020-06-14,2020-06-14 17:23:00,,,,,,,,2020-06-14
2908,2020-06-14,2020-06-14 17:23:00,,,,,,,,2020-06-14
2909,2020-06-14,2020-06-14 17:23:00,,,,,,,,2020-06-14
2910,2020-06-14,2020-06-14 17:23:00,,,,,,,,2020-06-14
2911,2020-06-14,2020-06-14 17:23:00,,,,,,,,2020-06-14
2912,2020-06-14,2020-06-14 17:23:00,,,,,,,,2020-06-14
2913,2020-06-14,2020-06-14 17:23:00,,,,,,,,2020-06-14
2914,2020-06-14,2020-06-14 17:23:00,,,,,,,,2020-06-14
2915,2020-06-14,2020-06-14 17:23:00,,,,,,,,2020-06-14
2916,2020-06-14,2020-06-14 17:23:00,,,,,,,,2020-06-14
2917,2020-06-14,2020-06-14 17:23:00,,,,,,,,2020-06-14
2918,2020-06-14,2020-06-14 17:23:00,,,,,,,,2020-06-14
2919,2020-06-14,2020-06-14 17:23:00,,,,,,,,2020-06-14
2920,2020-06-14,2020-06-14 17:23:00,,,,,,,,2020-06-14
2921,2020-06-14,2020-06-14 17:23:00,,,,,,,,2020-06-14
2922,2020-06-14,2020-06-14 17:23:00,,,,,,,,2020-06-14
2923,2020-06-14,2020-06-14 17:23:00,,,,,,,,2020-06-14
2924,2020-06-14,2020-06-14 17:23:00,,,,,,,,2020-06-14
2925,2020-06-14,2020-06-14 17:23:00,,,,,,,,2020-06-14
2926,2020-06-14,2020-06-14 17:23:00,,,,,,,,2020-06-14
2927,2020-06-14,2020-06-14 17:23:00,,,,,,,,2020-06-14
2928,2020-06-14,2020-06-14 17:23:00,,,,,,,,2020-06-14
2929,2020-06-14,2020-06-14 17:23:00,,,,,,,,2020-06-14
2930,2020-06-14,2020-06-14 17:23:00,,,,,,,,2020-06-14
2931,2020-06-14,2020-06-14 17:23:00,,,,,,,,2020-06-14
2932,2020-06-14,2020-06-14 17:23:00,,,,,,,,2020-06-14
2933,2020-06-14,2020-06-14 17:23:00,,,,,,,,2020-06-14
2934,2020-06-14,2020-06-14 17:23:00,,,,,,,,2020-06-14
2935,2020-06-14,2020-06-14 17:23:00,,,,,,,,2020-06-14
2936,2020-06-14,2020-06-14 17:23:00,,,,,,,,2020-06-14
2937,2020-06-14,2020-06-14 17:23:00,,,,,,,,2020-06-14
2938,2020-06-14,2020-06-14 17:23:00,,,,,,,,2020-06-14
2939,2020-06-14,2020-06-14 17:23:00,,,,,,,,2020-06-14
2940,2020-06-14,2020-06-14 17:23:00,,,,,,,,2020-06-14
2941,2020-06-14,2020-06-14 17:23:00,,,,,,,,2020-06-14
2942,2020-06-14,2020-06-14 17:23:00,,,,,,,,2020-06-14
2943,2020-06-14,2020-06-14 17:23:00,,,,,,,,2020-06-14
2944,2020-06-14,2020-06-14 17:23:00,,,,,,,,2020-06-14
2945,2020-06-14,2020-06-14 17:23:00,,,,,,,,2020-06-14
2946,2020-06-14,2020-06-14 17:23:00,,,,,,,,2020-06-14
2947,2020-06-14,2020-06-14 17:23:00,,,,,,,,2020-06-14
2948,2020-06-14,2020-06-14 17:23:00,,,,,,,,2020-06-14
2949,2020-06-14,2020-06-14 17:23:00,,,,,,,,2020-06-14
2950,2020-06-14,2020-06-14 17:23:00,,,,,,,,2020-06-14
2951,2020-06-14,2020-06-14 17:23:00,,,,,,,,2020-06-14
2952,2020-06-14,2020-06-14 17:23:00,,,,,,,,2020-06-14
2953,2020-06-14,2020-06-14 17:23:00,,,,,,,,2020-06-14
2954,2020-06-14,2020-06-14 17:23:00,,,,,,,,2020-06-14
2955,2020-06-14,2020-06-14 17:23:00,,,,,,,,2020-06-14
2956,2020-06-14,2020-06-14 17:23:00,,,,,,,,2020-06-14
2957,2020-06-14,2020-06-14 17:23:00,,,,,,,,2020-06-14
2958,2020-06-14,2020-06-14 17:23:00,,,,,,,,2020-06-14
2959,2020-06-14,2020-06-14 17:23:00,,,,,,,,2020-06-14
2960,2020-06-14,2020-06-14 17:23:00,,,,,,,,2020-06-14
2961,2020-06-14,2020-06-14 17:23:00,,,,,,,,2020-06-14
2962,2020-06-14,2020-06-14 17:23:00,,,,,,,,2020-06-14
2963,2020-06-14,2020-06-14 17:23:00,,,,,,,,2020-06-14
2964,2020-06-14,2020-06-14 17:23:00,,,,,,,,2020-06-14
2965,2020-06-14,2020-06-14 17:23:00,,,,,,,,2020-06-14
2966,2020-06-14,2020-06-14 17:23:00,,,,,,,,2020-06-14
2967,2020-06-14,2020-06-14 17:23:00,,,,,,,,2020-06-14
2968,2020-06-14,2020-06-14 17:23:00,,,,,,,,2020-06-14
2969,2020-06-14,2020-06-14 17:23:00,,,,,,,,2020-06-14
2970,2020-06-14,2020-06-14 17:23:00,,,,,,,,2020-06-14
2971,2020-06-14,2020-06-14 17:23:00,,,,,,,,2020-06-14
2972,2020-06-14,2020-06-14 17:23:00,,,,,,,,2020-06-14
2973,2020-06-14,2020-06-14 17:23:00,,,,,,,,2020-06-14
2974,2020-06-14,2020-06-14 17:23:00,,,,,,,,2020-06-14
2975,2020-06-14,2020-06-14 17:23:00,,,,,,,,2020-06-14
2976,2020-06-14,2020-06-14 17:23:00,,,,,,,,2020-06-14
2977,2020-06-14,2020-06-14 17:23:00,,,,,,,,2020-06-14
2978,2020-06-14,2020-06-14 17:23:00,,,,,,,,2020-06-14
2979,2020-06-14,2020-06-14 17:23:00,,,,,,,,2020-06-14
2980,2020-06-14,2020-06-14 17:23:00,,,,,,,,2020-06-14
2981,2020-06-14,2020-06-14 17:23:00,,,,,,,,2020-06-14
2982,2020-06-14,2020-06-14 17:23:00,,,,,,,,2020-06-14
2983,2020-06-14,2020-06-14 17:23:00,,,,,,,,2020-06-14
2984,2020-06-14,2020-06-14 17:23:00,,,,,,,,2020-06-14
2985,2020-06-14,2020-06-14 17:23:00,,,,,,,,2020-06-14
2986,2020-06-14,2020-06-14 17:23:00,,,,,,,,2020-06-14
2987,2020-06-14,2020-06-14 17:23:00,,,,,,,,2020-06-14
2988,2020-06-14,2020-06-14 17:23:00,,,,,,,,2020-06-14
2989,2020-06-14,2020-06-14 17:23:00,,,,,,,,2020-06-14
2990,2020-06-14,2020-06-14 17:23:00,,,,,,,,2020-06-14
2991,2020-06-14,2020-06-14 17:23:00,,,,,,,,2020-06-14
2992,2020-06-14,2020-06-14 17:23:00,,,,,,,,2020-06-14
2993,2020-06-14,2020-06-14 17:23:00,,,,,,,,2020-06-14
2994,2020-06-14,2020-06-14 17:23:00,,,,,,,,2020-06-14
2995,2020-06-14,2020-06-14 17:23:00,,,,,,,,2020-06-14
2996,2020-06-14,2020-06-14 17:23:00,,,,,,,,2020-06-14
2997,2020-06-14,2020-06-14 17:23:00,,,,,,,,2020-06-14
2998,2020-06-14,2020-06-14 17:23:00,,,,,,,,2020-06-14
2999,2020-06-14,2020-06-14 17:23:00,,,,,,,,2020-06-14
3000,2020-06-14,2020-06-14 17:23:00,,,,,,,,2020-06-14
1001,2020-06-15,2020-06-15 11:08:50,,,,,,,,2020-06-15
1002,2020-06-15,2020-06-15 11:08:50,,,,,,,,2020-06-15
1003,2020-06-15,2020-06-15 11:08:50,,,,,,,,2020-06-15
1004,2020-06-15,2020-06-15 11:08:50,,,,,,,,2020-06-15
1005,2020-06-15,2020-06-15 11:08:50,,,,,,,,2020-06-15
1006,2020-06-15,2020-06-15 11:08:50,,,,,,,,2020-06-15
1007,2020-06-15,2020-06-15 11:08:50,,,,,,,,2020-06-15
1008,2020-06-15,2020-06-15 11:08:50,,,,,,,,2020-06-15
1009,2020-06-15,2020-06-15 11:08:50,,,,,,,,2020-06-15
1010,2020-06-15,2020-06-15 11:08:50,,,,,,,,2020-06-15
1011,2020-06-15,2020-06-15 11:08:50,,,,,,,,2020-06-15
1012,2020-06-15,2020-06-15 11:08:50,,,,,,,,2020-06-15
1013,2020-06-15,2020-06-15 11:08:50,,,,,,,,2020-06-15
1014,2020-06-15,2020-06-15 11:08:50,,,,,,,,2020-06-15
1015,2020-06-15,2020-06-15 11:08:50,,,,,,,,2020-06-15
1016,2020-06-15,2020-06-15 11:08:50,,,,,,,,2020-06-15
1017,2020-06-15,2020-06-15 11:08:50,,,,,,,,2020-06-15
1018,2020-06-15,2020-06-15 11:08:50,,,,,,,,2020-06-15
1019,2020-06-15,2020-06-15 11:08:50,,,,,,,,2020-06-15
1020,2020-06-15,2020-06-15 11:08:50,,,,,,,,2020-06-15
1021,2020-06-15,2020-06-15 11:08:50,,,,,,,,2020-06-15
1022,2020-06-15,2020-06-15 11:08:50,,,,,,,,2020-06-15
1023,2020-06-15,2020-06-15 11:08:50,,,,,,,,2020-06-15
1024,2020-06-15,2020-06-15 11:08:50,,,,,,,,2020-06-15
1025,2020-06-15,2020-06-15 11:08:50,,,,,,,,2020-06-15
1026,2020-06-15,2020-06-15 11:08:50,,,,,,,,2020-06-15
1027,2020-06-15,2020-06-15 11:08:50,,,,,,,,2020-06-15
1028,2020-06-15,2020-06-15 11:08:50,,,,,,,,2020-06-15
1029,2020-06-15,2020-06-15 11:08:50,,,,,,,,2020-06-15
1030,2020-06-15,2020-06-15 11:08:50,,,,,,,,2020-06-15
1031,2020-06-15,2020-06-15 11:08:50,,,,,,,,2020-06-15
1032,2020-06-15,2020-06-15 11:08:50,,,,,,,,2020-06-15
1033,2020-06-15,2020-06-15 11:08:50,,,,,,,,2020-06-15
1034,2020-06-15,2020-06-15 11:08:50,,,,,,,,2020-06-15
1035,2020-06-15,2020-06-15 11:08:50,,,,,,,,2020-06-15
1036,2020-06-15,2020-06-15 11:08:50,,,,,,,,2020-06-15
1037,2020-06-15,2020-06-15 11:08:50,,,,,,,,2020-06-15
1038,2020-06-15,2020-06-15 11:08:50,,,,,,,,2020-06-15
1039,2020-06-15,2020-06-15 11:08:50,,,,,,,,2020-06-15
1040,2020-06-15,2020-06-15 11:08:50,,,,,,,,2020-06-15
1041,2020-06-15,2020-06-15 11:08:50,,,,,,,,2020-06-15
1042,2020-06-15,2020-06-15 11:08:50,,,,,,,,2020-06-15
1043,2020-06-15,2020-06-15 11:08:50,,,,,,,,2020-06-15
1044,2020-06-15,2020-06-15 11:08:50,,,,,,,,2020-06-15
1045,2020-06-15,2020-06-15 11:08:50,,,,,,,,2020-06-15
1046,2020-06-15,2020-06-15 11:08:50,,,,,,,,2020-06-15
1047,2020-06-15,2020-06-15 11:08:50,,,,,,,,2020-06-15
1048,2020-06-15,2020-06-15 11:08:50,,,,,,,,2020-06-15
1049,2020-06-15,2020-06-15 11:08:50,,,,,,,,2020-06-15
1050,2020-06-15,2020-06-15 11:08:50,,,,,,,,2020-06-15
1051,2020-06-15,2020-06-15 11:08:50,,,,,,,,2020-06-15
1052,2020-06-15,2020-06-15 11:08:50,,,,,,,,2020-06-15
1053,2020-06-15,2020-06-15 11:08:50,,,,,,,,2020-06-15
1054,2020-06-15,2020-06-15 11:08:50,,,,,,,,2020-06-15
1055,2020-06-15,2020-06-15 11:08:50,,,,,,,,2020-06-15
1056,2020-06-15,2020-06-15 11:08:50,,,,,,,,2020-06-15
1057,2020-06-15,2020-06-15 11:08:50,,,,,,,,2020-06-15
1058,2020-06-15,2020-06-15 11:08:50,,,,,,,,2020-06-15
1059,2020-06-15,2020-06-15 11:08:50,,,,,,,,2020-06-15
1060,2020-06-15,2020-06-15 11:08:50,,,,,,,,2020-06-15
1061,2020-06-15,2020-06-15 11:08:50,,,,,,,,2020-06-15
1062,2020-06-15,2020-06-15 11:08:50,,,,,,,,2020-06-15
1063,2020-06-15,2020-06-15 11:08:50,,,,,,,,2020-06-15
1064,2020-06-15,2020-06-15 11:08:50,,,,,,,,2020-06-15
1065,2020-06-15,2020-06-15 11:08:50,,,,,,,,2020-06-15
1066,2020-06-15,2020-06-15 11:08:50,,,,,,,,2020-06-15
1067,2020-06-15,2020-06-15 11:08:50,,,,,,,,2020-06-15
1068,2020-06-15,2020-06-15 11:08:50,,,,,,,,2020-06-15
1069,2020-06-15,2020-06-15 11:08:50,,,,,,,,2020-06-15
1070,2020-06-15,2020-06-15 11:08:50,,,,,,,,2020-06-15
1071,2020-06-15,2020-06-15 11:08:50,,,,,,,,2020-06-15
1072,2020-06-15,2020-06-15 11:08:50,,,,,,,,2020-06-15
1073,2020-06-15,2020-06-15 11:08:50,,,,,,,,2020-06-15
1074,2020-06-15,2020-06-15 11:08:50,,,,,,,,2020-06-15
1075,2020-06-15,2020-06-15 11:08:50,,,,,,,,2020-06-15
1076,2020-06-15,2020-06-15 11:08:50,,,,,,,,2020-06-15
1077,2020-06-15,2020-06-15 11:08:50,,,,,,,,2020-06-15
1078,2020-06-15,2020-06-15 11:08:50,,,,,,,,2020-06-15
1079,2020-06-15,2020-06-15 11:08:50,,,,,,,,2020-06-15
1080,2020-06-15,2020-06-15 11:08:50,,,,,,,,2020-06-15
1081,2020-06-15,2020-06-15 11:08:50,,,,,,,,2020-06-15
1082,2020-06-15,2020-06-15 11:08:50,,,,,,,,2020-06-15
1083,2020-06-15,2020-06-15 11:08:50,,,,,,,,2020-06-15
1084,2020-06-15,2020-06-15 11:08:50,,,,,,,,2020-06-15
1085,2020-06-15,2020-06-15 11:08:50,,,,,,,,2020-06-15
1086,2020-06-15,2020-06-15 11:08:50,,,,,,,,2020-06-15
1087,2020-06-15,2020-06-15 11:08:50,,,,,,,,2020-06-15
1088,2020-06-15,2020-06-15 11:08:50,,,,,,,,2020-06-15
1089,2020-06-15,2020-06-15 11:08:50,,,,,,,,2020-06-15
1090,2020-06-15,2020-06-15 11:08:50,,,,,,,,2020-06-15
1091,2020-06-15,2020-06-15 11:08:50,,,,,,,,2020-06-15
1092,2020-06-15,2020-06-15 11:08:50,,,,,,,,2020-06-15
1093,2020-06-15,2020-06-15 11:08:50,,,,,,,,2020-06-15
1094,2020-06-15,2020-06-15 11:08:50,,,,,,,,2020-06-15
1095,2020-06-15,2020-06-15 11:08:50,,,,,,,,2020-06-15
1096,2020-06-15,2020-06-15 11:08:50,,,,,,,,2020-06-15
1097,2020-06-15,2020-06-15 11:08:50,,,,,,,,2020-06-15
1098,2020-06-15,2020-06-15 11:08:50,,,,,,,,2020-06-15
1099,2020-06-15,2020-06-15 11:08:50,,,,,,,,2020-06-15
1100,2020-06-15,2020-06-15 11:08:50,,,,,,,,2020-06-15
1101,2020-06-15,2020-06-15 11:08:50,,,,,,,,2020-06-15
1102,2020-06-15,2020-06-15 11:08:50,,,,,,,,2020-06-15
1103,2020-06-15,2020-06-15 11:08:50,,,,,,,,2020-06-15
1104,2020-06-15,2020-06-15 11:08:50,,,,,,,,2020-06-15
1105,2020-06-15,2020-06-15 11:08:50,,,,,,,,2020-06-15
1106,2020-06-15,2020-06-15 11:08:50,,,,,,,,2020-06-15
1107,2020-06-15,2020-06-15 11:08:50,,,,,,,,2020-06-15
1108,2020-06-15,2020-06-15 11:08:50,,,,,,,,2020-06-15
1109,2020-06-15,2020-06-15 11:08:50,,,,,,,,2020-06-15
1110,2020-06-15,2020-06-15 11:08:50,,,,,,,,2020-06-15
1111,2020-06-15,2020-06-15 11:08:50,,,,,,,,2020-06-15
1112,2020-06-15,2020-06-15 11:08:50,,,,,,,,2020-06-15
1113,2020-06-15,2020-06-15 11:08:50,,,,,,,,2020-06-15
1114,2020-06-15,2020-06-15 11:08:50,,,,,,,,2020-06-15
1115,2020-06-15,2020-06-15 11:08:50,,,,,,,,2020-06-15
1116,2020-06-15,2020-06-15 11:08:50,,,,,,,,2020-06-15
1117,2020-06-15,2020-06-15 11:08:50,,,,,,,,2020-06-15
1118,2020-06-15,2020-06-15 11:08:50,,,,,,,,2020-06-15
1119,2020-06-15,2020-06-15 11:08:50,,,,,,,,2020-06-15
1120,2020-06-15,2020-06-15 11:08:50,,,,,,,,2020-06-15
1121,2020-06-15,2020-06-15 11:08:50,,,,,,,,2020-06-15
1122,2020-06-15,2020-06-15 11:08:50,,,,,,,,2020-06-15
1123,2020-06-15,2020-06-15 11:08:50,,,,,,,,2020-06-15
1124,2020-06-15,2020-06-15 11:08:50,,,,,,,,2020-06-15
1125,2020-06-15,2020-06-15 11:08:50,,,,,,,,2020-06-15
1126,2020-06-15,2020-06-15 11:08:50,,,,,,,,2020-06-15
1127,2020-06-15,2020-06-15 11:08:50,,,,,,,,2020-06-15
1128,2020-06-15,2020-06-15 11:08:50,,,,,,,,2020-06-15
1129,2020-06-15,2020-06-15 11:08:50,,,,,,,,2020-06-15
1130,2020-06-15,2020-06-15 11:08:50,,,,,,,,2020-06-15
1131,2020-06-15,2020-06-15 11:08:50,,,,,,,,2020-06-15
1132,2020-06-15,2020-06-15 11:08:50,,,,,,,,2020-06-15
1133,2020-06-15,2020-06-15 11:08:50,,,,,,,,2020-06-15
1134,2020-06-15,2020-06-15 11:08:50,,,,,,,,2020-06-15
1135,2020-06-15,2020-06-15 11:08:50,,,,,,,,2020-06-15
1136,2020-06-15,2020-06-15 11:08:50,,,,,,,,2020-06-15
1137,2020-06-15,2020-06-15 11:08:50,,,,,,,,2020-06-15
1138,2020-06-15,2020-06-15 11:08:50,,,,,,,,2020-06-15
1139,2020-06-15,2020-06-15 11:08:50,,,,,,,,2020-06-15
1140,2020-06-15,2020-06-15 11:08:50,,,,,,,,2020-06-15
1141,2020-06-15,2020-06-15 11:08:50,,,,,,,,2020-06-15
1142,2020-06-15,2020-06-15 11:08:50,,,,,,,,2020-06-15
1143,2020-06-15,2020-06-15 11:08:50,,,,,,,,2020-06-15
1144,2020-06-15,2020-06-15 11:08:50,,,,,,,,2020-06-15
1145,2020-06-15,2020-06-15 11:08:50,,,,,,,,2020-06-15
1146,2020-06-15,2020-06-15 11:08:50,,,,,,,,2020-06-15
1147,2020-06-15,2020-06-15 11:08:50,,,,,,,,2020-06-15
1148,2020-06-15,2020-06-15 11:08:50,,,,,,,,2020-06-15
1149,2020-06-15,2020-06-15 11:08:50,,,,,,,,2020-06-15
1150,2020-06-15,2020-06-15 11:08:50,,,,,,,,2020-06-15
1151,2020-06-15,2020-06-15 11:08:50,,,,,,,,2020-06-15
1152,2020-06-15,2020-06-15 11:08:50,,,,,,,,2020-06-15
1153,2020-06-15,2020-06-15 11:08:50,,,,,,,,2020-06-15
1154,2020-06-15,2020-06-15 11:08:50,,,,,,,,2020-06-15
1155,2020-06-15,2020-06-15 11:08:50,,,,,,,,2020-06-15
1156,2020-06-15,2020-06-15 11:08:50,,,,,,,,2020-06-15
1157,2020-06-15,2020-06-15 11:08:50,,,,,,,,2020-06-15
1158,2020-06-15,2020-06-15 11:08:50,,,,,,,,2020-06-15
1159,2020-06-15,2020-06-15 11:08:50,,,,,,,,2020-06-15
1160,2020-06-15,2020-06-15 11:08:50,,,,,,,,2020-06-15
1161,2020-06-15,2020-06-15 11:08:50,,,,,,,,2020-06-15
1162,2020-06-15,2020-06-15 11:08:50,,,,,,,,2020-06-15
1163,2020-06-15,2020-06-15 11:08:50,,,,,,,,2020-06-15
1164,2020-06-15,2020-06-15 11:08:50,,,,,,,,2020-06-15
1165,2020-06-15,2020-06-15 11:08:50,,,,,,,,2020-06-15
1166,2020-06-15,2020-06-15 11:08:50,,,,,,,,2020-06-15
1167,2020-06-15,2020-06-15 11:08:50,,,,,,,,2020-06-15
1168,2020-06-15,2020-06-15 11:08:50,,,,,,,,2020-06-15
1169,2020-06-15,2020-06-15 11:08:50,,,,,,,,2020-06-15
1170,2020-06-15,2020-06-15 11:08:50,,,,,,,,2020-06-15
1171,2020-06-15,2020-06-15 11:08:50,,,,,,,,2020-06-15
1172,2020-06-15,2020-06-15 11:08:50,,,,,,,,2020-06-15
1173,2020-06-15,2020-06-15 11:08:50,,,,,,,,2020-06-15
1174,2020-06-15,2020-06-15 11:08:50,,,,,,,,2020-06-15
1175,2020-06-15,2020-06-15 11:08:50,,,,,,,,2020-06-15
1176,2020-06-15,2020-06-15 11:08:50,,,,,,,,2020-06-15
1177,2020-06-15,2020-06-15 11:08:50,,,,,,,,2020-06-15
1178,2020-06-15,2020-06-15 11:08:50,,,,,,,,2020-06-15
1179,2020-06-15,2020-06-15 11:08:50,,,,,,,,2020-06-15
1180,2020-06-15,2020-06-15 11:08:50,,,,,,,,2020-06-15
1181,2020-06-15,2020-06-15 11:08:50,,,,,,,,2020-06-15
1182,2020-06-15,2020-06-15 11:08:50,,,,,,,,2020-06-15
1183,2020-06-15,2020-06-15 11:08:50,,,,,,,,2020-06-15
1184,2020-06-15,2020-06-15 11:08:50,,,,,,,,2020-06-15
1185,2020-06-15,2020-06-15 11:08:50,,,,,,,,2020-06-15
1186,2020-06-15,2020-06-15 11:08:50,,,,,,,,2020-06-15
1187,2020-06-15,2020-06-15 11:08:50,,,,,,,,2020-06-15
1188,2020-06-15,2020-06-15 11:08:50,,,,,,,,2020-06-15
1189,2020-06-15,2020-06-15 11:08:50,,,,,,,,2020-06-15
1190,2020-06-15,2020-06-15 11:08:50,,,,,,,,2020-06-15
1191,2020-06-15,2020-06-15 11:08:50,,,,,,,,2020-06-15
1192,2020-06-15,2020-06-15 11:08:50,,,,,,,,2020-06-15
1193,2020-06-15,2020-06-15 11:08:50,,,,,,,,2020-06-15
1194,2020-06-15,2020-06-15 11:08:50,,,,,,,,2020-06-15
1195,2020-06-15,2020-06-15 11:08:50,,,,,,,,2020-06-15
1196,2020-06-15,2020-06-15 11:08:50,,,,,,,,2020-06-15
1197,2020-06-15,2020-06-15 11:08:50,,,,,,,,2020-06-15
1198,2020-06-15,2020-06-15 11:08:50,,,,,,,,2020-06-15
1199,2020-06-15,2020-06-15 11:08:50,,,,,,,,2020-06-15
1200,2020-06-15,2020-06-15 11:08:50,,,,,,,,2020-06-15
